Name,Country,lat,lon
HKW Reuter West,Germany,52.5351386,13.2426717
Kraftwerk Rostock,Germany,54.0924406,12.0991466
Charlottenburg,Germany,52.5166023,13.3041054
HKW Nord,Germany,48.1812841,11.6370757
GTHKW Nossener Bruecke,Germany,51.0417609,13.7101155
Schkopau,Germany,51.3900745,11.9851505
Windpark Havelland,Germany,52.6045635,12.3371397
PSW Markersbach,Germany,50.5246939,12.8754757
HKW Moorburg,Germany,53.4929396,9.925873099999999
Moabit,Germany,52.53078290000001,13.3471759
PSW Hohenwarte II,Germany,50.60628010000001,11.4793691
UW Druxberge,Austria,47.516231,14.550072
Wikinger_Prod,Germany,51.165691,10.451526
HKW Tiefstack,Germany,53.5269146,10.065522
HKW Klingenberg,Germany,51.165691,10.451526
HKW Mitte,Germany,52.511484,13.4209371
Windpark Baltic 1 and 2,Germany,51.165691,10.451526
KW Boxberg,Germany,51.4106168,14.5612295
HKW Lichterfelde,Germany,52.4243275,13.3087282
HKW Reuter,Germany,52.5317739,13.2469192
Industriekraftwerk PCK,Germany,53.0932725,14.2312787
KW Schwarze Pumpe,Germany,51.5342101,14.3506682
PSW Goldisthal,Germany,50.5219,11.00495
PSW Geesthacht,Germany,53.4187562,10.3942224
KW Lippendorf,Germany,51.1844741,12.3730612
HKW Wedel,Germany,53.58238129999999,9.7137465
KW Jänschwalde,Germany,51.8338094,14.4574711
Wilmersdorf,Germany,52.4904703,13.3144802
FIERZAG,Albania,42.13888499999999,20.2921577
BANJAG,Albania,41.153332,20.168331
KOMANG,Albania,41.153332,20.168331
VAUDEJG,Albania,41.153332,20.168331
Huckingen (HKM),Germany,51.3652323,6.7543986
HERDECKE,Germany,51.4031667,7.4328376
GuD Ludwigshafen Süd,Germany,49.4724651,8.4469932
KW Mainz-Wiesbaden,Germany,50.0446812,8.2531654
GuD Dormagen,Germany,51.09368509999999,6.828911199999999
Kraftwerk Römerbrücke,Germany,49.2239801,7.0151903
Kraftwerk Lausward,Germany,51.2216873,6.7316442
Vianden,Germany,51.165691,10.451526
GKM AG Amprion,Germany,51.165691,10.451526
Ensdorf,Germany,49.3062355,6.7804113
PSW-ROENK-KW,Germany,53.6110942,10.0976244
Knapsack 2,Germany,51.165691,10.451526
Weisweiler,Germany,50.8273398,6.3147251
Knapsack 1,Germany,51.165691,10.451526
Ibbenbüren,Germany,52.2767721,7.718994700000001
Niederaußem,Germany,50.9866606,6.6697881
Kraftwerk Flingern,Germany,51.165691,10.451526
Neurath,Germany,51.165691,10.451526
RUHRORT-KW,Germany,51.4499282,6.7483238
Elverlingsen,Germany,51.2753369,7.706670699999999
HKW III,Germany,51.3903121,6.748012
Kraftwerk Ensdorf,Germany,49.2950893,6.7741905
GuD Ludwigshafen Mitte,Germany,49.481621,8.4401198
Weiher,Germany,49.1787693,8.6219127
KW Lünen,Germany,51.6104829,7.5285074
Bergkamen,Germany,51.6158082,7.6429742
HAMBORN-KW,Germany,51.4984137,6.7768115
Schluchsee,Germany,47.818711,8.1771184
Emsland,Germany,52.5227021,7.3256322
Voelklingen,Germany,49.2556226,6.8588948
HKW Niehl,Germany,49.9542353,6.3625332
Walsum,Germany,51.52786889999999,6.7238275
KW Hamm-Uentrop,Germany,51.68807959999999,7.9464763
HKW Merkenich,Germany,51.0181732,6.9627637
Herne,Germany,51.5368948,7.200914699999999
Gundremmingen,Germany,48.5009611,10.4041776
Scholven,Germany,51.6109446,7.019461
Koepchenwerk,Germany,51.410796,7.4535523
Westfalen,Germany,51.43323669999999,7.661593799999999
Gersteinwerk,Germany,51.6720282,7.7113557
Bexbach,Germany,49.35602249999999,7.255374499999999
GDK-Mellach,Austria,46.9088314,15.491878
Ottensheim-Wilhering,Austria,48.332172,14.1743045
Gerlos,Austria,47.2248574,12.0306257
,,,
FHKW Linz Mitte,Austria,48.2991945,14.3227936
Kraftwerk Theiß,Austria,48.394813,15.7083593
Kraftwerk Timelkam Gesamtanlage,Austria,48.0019658,13.6060787
Kraftwerk Dürnrohr,Austria,48.33025,15.92399
FHKW Linz Süd,Austria,48.298612,14.322679
Kaprun-Hauptstufe,Austria,47.2594042,12.7414691
Malta-Hauptstufe,Austria,47.516231,14.550072
Kraftwerk Oschenik,Austria,46.9812289,13.0903527
KW Leopoldau,Austria,48.2778336,16.4535489
Kraftwerk Korneuburg,Austria,48.3319507,16.3387244
voestalpine KW Linz,Austria,48.30694,14.28583
Altenwörth,Austria,48.38507999999999,15.86117
Wallsee-Mitterkirchen,Austria,48.1445254,14.7117532
FHKW Mellach,Austria,46.9114258,15.4882994
Limberg II,Austria,47.516231,14.550072
Kaprun-Schwarzach,Austria,47.2728876,12.759674
Ybbs-Persenbeug,Austria,48.1764209,15.0820859
KW Kaunertal,Germany,51.165691,10.451526
Kaprun-Oberstufe,Austria,47.2728876,12.759674
Malta-Oberstufe,Austria,46.954256,13.5074964
KW Donaustadt,Austria,48.235551,16.4623916
KW Simmering,Austria,48.1690647,16.4217332
Reisseck 2,Austria,46.8810704,13.2906324
Kraftwerk Feldsee,Austria,47.0028178,13.0585975
Abwinden-Asten,Austria,48.2188234,14.4202806
Kraftwerk Hintermuhr,Austria,47.10781,13.46589
Freudenau,Austria,48.1862624,16.4415388
Kraftwerk Riedersbach 2,Austria,48.02354,12.84731
Mayrhofen,Austria,47.1691898,11.8651456
Häusling,Austria,48.25683,15.44507
Kraftwerk Außerfragant,Austria,46.93416,13.10536
Aschach,Austria,48.3641034,14.0193903
Melk,Austria,48.22647,15.34996
Greifenstein,Austria,48.34281,16.2313
DOEL 1,Belgium,51.31059759999999,4.264974899999999
SAINT-GHISLAIN STEG,Belgium,50.4705544,3.8169701
DOEL 4,Belgium,51.31059759999999,4.264974899999999
RODENHUIZE 4,Belgium,51.14727999999999,3.79202
Nobelwind Offshore Windpark,Belgium,50.503887,4.469936
COO II T,Belgium,50.39343,5.86944
Belwind Phase 1,Belgium,51.6484987,2.8348994
HERDERSBRUG STEG,Belgium,51.2698535,3.2129169
DROGENBOS TGV,Belgium,50.7872348,4.3172707
RINGVAART STEG,Belgium,51.04690586655641,3.727665136099148
INESCO WKK,Belgium,50.503887,4.469936
Marcinelle Energie (Carsid),Belgium,50.4076905,4.4237376
DOEL 2,Belgium,51.31059759999999,4.264974899999999
Zelzate 2 Knippegroen,Belgium,51.1569454,3.8127843
Rentel Offshore WP,Belgium,50.503887,4.469936
Scheldelaan Exxonmobil,Belgium,51.2999074,4.3074433
Zandvliet Power,Belgium,51.35964999999999,4.30716
TIHANGE 1N,Belgium,50.52969909999999,5.2614551
VILVOORDE GT,Belgium,50.926454,4.4258375
TIHANGE 3,Belgium,50.52969909999999,5.2614551
TIHANGE 2,Belgium,50.52969909999999,5.2614551
TIHANGE 1S,Belgium,50.52969909999999,5.2614551
Northwind,Belgium,50.503887,4.469936
Thorntonbank - C-Power - Area NE,Belgium,51.2359282,2.9268714
Amercoeur 1 R TGV,Belgium,50.6362947,5.5917374
DOEL 3,Belgium,51.31059759999999,4.264974899999999
Thorntonbank - C-Power - Area SW,Belgium,51.2359282,2.9268714
T-power Beringen,Belgium,51.05784550000001,5.104374099999999
PLATE-TAILLE T,Belgium,50.1857528,4.3823302
EDF Luminus Seraing TGV,Belgium,50.6099816,5.5141067
COO I T,Belgium,50.503887,4.469936
TE_TUZLA,Bosnia and Herzegovina,44.5199934,18.6057264
TE_KAKANJ,Bosnia and Herzegovina,44.0872452,18.1141114
TE_STANARI,Bosnia and Herzegovina,44.7381571,17.8240149
TE_UGLJEVIK,Bosnia and Herzegovina,44.6829417,18.9694604
TE_GACKO,Bosnia and Herzegovina,43.915886,17.679076
HE_VISEGRAD,Bosnia and Herzegovina,43.7613716,19.2889595
HE_CAPLJINA,Bosnia and Herzegovina,43.11182669999999,17.7054838
HE_DUBROVNIK,Bosnia and Herzegovina,43.915886,17.679076
CHP_EVN_PLOVDIV,Bulgaria,42.1354079,24.7452904
CHP_REPUBLIKA_PK,Bulgaria,42.733883,25.48583
HPP_KARDZHALI,Bulgaria,41.6338439,25.3777119
TEC_BOBOVDOL_EAD,Bulgaria,42.733883,25.48583
TPP_VARNA_BG,Bulgaria,42.733883,25.48583
TOPLO_RUSE,Bulgaria,43.83557130000001,25.9656554
TEC_MARITSA_3_AD,Bulgaria,42.0531501,25.6195507
HPP_IVAILOVGRAD,Bulgaria,41.52669789999999,26.1242717
NPP_KOZLODUY,Bulgaria,43.7438119,23.7723634
PSHPP_BELMEKEN,Bulgaria,42.1610917,23.8019562
HPP_SESTRIMO,Bulgaria,42.21573799999999,23.9209416
AES_MI1,Bulgaria,42.733883,25.48583
PSHPP_ORFEUS_GEN,Bulgaria,42.733883,25.48583
HPP_PESHTERA,Bulgaria,42.0298857,24.2987265
HPP_MOMINA_KLISU,Bulgaria,42.733883,25.48583
CHP_DEVEN,Bulgaria,42.733883,25.48583
CHP_SVILOZA,Bulgaria,42.733883,25.48583
CHP_RUSE,Bulgaria,43.83557130000001,25.9656554
TPP_MI_2,Bulgaria,42.733883,25.48583
PSHPP_CHAIRA_GEN,Bulgaria,42.733883,25.48583
WPP_SVETI_NIKOLA,Bulgaria,43.4349451,28.4926147
CHP_LUKOIL_NEFTO,Bulgaria,42.733883,25.48583
TPP_MI3,Bulgaria,42.733883,25.48583
CHP_BRIKEL_1,Bulgaria,42.733883,25.48583
Offshore-Windpark RIFFGAT,Germany,51.165691,10.451526
Windpark Trianel Borkum West,Germany,51.165691,10.451526
OWP Butendiek,Germany,51.165691,10.451526
Global Tech I,Germany,53.5428858,9.9898746
Offshore-Windpark Veja Mate,Germany,51.165691,10.451526
KW Mittelsbueren,Germany,53.12873339999999,8.6877743
KW Kühtai,Germany,51.165691,10.451526
Vorarlberger Illwerke AG,Germany,51.165691,10.451526
PSW Erzhausen,Germany,51.8992869,9.9242787
Amrumbank West,Germany,54.17379099999999,7.891525999999999
DanTysk,Germany,51.165691,10.451526
Windpark Nordsee One,Germany,56.511018,3.515625
GKW Hannover (GKH),Germany,52.3758916,9.732010400000002
KW Silz,Germany,49.1474138,7.949013700000001
HKW Heilbronn,Germany,49.1779394,9.207844399999999
Schluchseewerk AG,Germany,47.5573738,8.0454357
Offshore Windpark,Germany,51.165691,10.451526
KW Rheinfelden DE,Germany,47.5896468,7.768778999999999
Rheinkraftwerk Iffezheim,Germany,48.8324383,8.111501
KW Hafen,Germany,51.165691,10.451526
Borkum Riffgrund II,Germany,51.165691,10.451526
Kraftwerk Plattling,Germany,48.7806071,12.8690362
Kraftwerk Walheim,Germany,49.0176801,9.157119
GKB Mittelsbueren,Germany,53.12873339999999,8.6877743
Ingolstadt,Germany,48.7667395,11.4226498
Kraftwerk Zolling,Germany,48.4561596,11.8000274
Franken I,Germany,50.5008956,7.2337205
KW Mehrum (KWM),Germany,52.3046339,10.0942011
KW Laufenburg,Germany,47.5732675,8.082053
HKW Stuttgart-Münster,Germany,48.81327,9.2194
KW Hastedt,Germany,53.0675418,8.8622721
HKW West,Germany,50.09833949999999,8.653359499999999
GKW Linden (GKL),Germany,50.5268808,8.654294799999999
GKM AG TNG,Germany,49.4445252,8.4995233
Kraftwerk Buschhaus,Germany,52.17086159999999,10.9764261
Grohnde,Germany,52.0192026,9.419517599999999
Brokdorf,Germany,53.8632511,9.3243811
Kiel,Germany,54.3232927,10.1227652
Sued GuD1,Germany,51.165691,10.451526
HKW Altbach/Deizisau,Germany,48.72058999999999,9.37647
Kraftwerk Wilhelmshaven,Germany,53.5584269,8.135497
Huntorf,Germany,53.1960942,8.3880801
Waldeck II,Germany,51.2076269,9.0646516
Burghausen_GT,Germany,48.1725613,12.8310753
Kernkraftwerk Neckarwestheim,Germany,49.0418958,9.1737339
HKW-Nürnberg-Sandreuth,Germany,49.4311763,11.0599027
KKW Philippsburg,Germany,49.2352532,8.458036
Kraftwerk Farge,Germany,53.20226510000001,8.5177715
KW Herrenhausen (KWH),Germany,52.4154089,9.6521261
Gode Wind II,Germany,51.165691,10.451526
Sandbank,Germany,51.165691,10.451526
Nord 2,Germany,51.165691,10.451526
Isar 2,Germany,48.08083670248212,12.09159633066177
Gode Wind I,Germany,51.165691,10.451526
Rheinhafen-Dampfkraftwerk Karlsruhe,Germany,49.0137697,8.3059811
GKM AG DBEnergie,Germany,49.4445252,8.4995233
Wilhelmshaven,Germany,53.53234029999999,8.1068722
Staudinger,Germany,51.165691,10.451526
Irsching,Germany,48.7615731,11.5757299
WP Bard Offshore 1,Germany,51.165691,10.451526
Heyden,Germany,51.165691,10.451526
Sued GuD2,Germany,51.165691,10.451526
Borkum Riffgrund I,Germany,51.165691,10.451526
Nordjyllandsvaerket,Denmark,57.072589,10.042528
Esbjergvaerket,Denmark,55.456335,8.455250999999999
Fynsvaerket,Denmark,55.427832,10.405168
Studstrupvaerket,Denmark,56.2489534,10.3472225
Skaerbaekvaerket,Denmark,55.5111111,9.613333299999999
Horns Rev C,Denmark,55.5333333,7.9833333
Silkeborgvaerket,Denmark,56.26392,9.501785
Horns Rev B,Denmark,55.5333333,7.9833333
Horns Rev A,Denmark,55.5333333,7.9833333
Anholt,Denmark,56.71199559999999,11.5547024
Roedsand 1,Denmark,54.56611110000001,11.8888889
Amagervaerket,Denmark,55.6837425,12.6244164
Asnaesvaerket,Denmark,55.6606658,11.0845619
Avedoerevaerket,Denmark,55.6036085,12.4810279
Kyndbyvaerket,Denmark,55.810289,11.879901
Roedsand 2,Denmark,54.5707806,11.5554626
Kiisa AREJ 2,Estonia,59.2442187,24.7038979
Kiisa AREJ 1,Estonia,59.2442187,24.7038979
Balti Elektrijaam,Estonia,59.35367720000001,28.1216085
IRU Elektrijaam,Estonia,59.4515944,24.924937
Eesti Elektrijaam,Estonia,59.2699331,27.8947177
Auvere kondensatsioonielektrijaam,Estonia,59.3186346,27.9158381
Martinlaakso,Finland,60.2784559,24.8513718
Metsälä,Finland,60.2211215,24.9392113
Haapavesi,Finland,64.13735729999999,25.3669422
Raahen Voima,Finland,64.66199,24.4485934
Haapaniemi,Finland,62.8798318,27.6737
Ossauskoski,Finland,66.1550244,25.1296935
Isohaara,Finland,65.79180079999999,24.5370885
Alholmens Kraft,Finland,63.69854499999999,22.7132714
Kymijärvi,Finland,60.9657477,25.8071736
Keljonlahti,Finland,62.19598999999999,25.7367533
Kaukaan Voima,Finland,61.06548429999999,28.2297654
Hanasaari,Finland,60.16509490000001,24.848099
Seinäjoki,Finland,62.787735,22.8504337
Tahkoluoto,Finland,61.6333168,21.4166604
Salmisaari,Finland,60.16206159999999,24.8999883
Kellosaari,Finland,62.3943552,29.5711012
Naistenlahti 1,Finland,61.844325,28.680656
Kristiina,Finland,61.92410999999999,25.748151
Naantali,Finland,60.46608759999999,22.0250873
Meri-Pori,Finland,61.55943680000001,21.6121559
Lielahti,Finland,61.51746129999999,23.6656972
Olkiluoto 1,Finland,61.2363745,21.4753105
Olkiluoto 2,Finland,61.2363745,21.4753105
Olkiluoto 3,Finland,61.2363745,21.4753105
Imatra,Finland,61.1695977,28.7645463
Loviisa 1,Finland,60.45787420000001,26.2278099
Loviisa 2,Finland,60.45787420000001,26.2278099
Vaskiluoto,Finland,63.089043,21.5776978
Toppila,Finland,65.0384198,25.4431156
Suomenoja,Finland,60.16068639999999,24.7074508
Äänekoski,Finland,62.60146589999999,25.7278807
Huutokoski kt,Finland,62.2123277,27.6892106
Pietarsaari,Finland,63.6744036,22.6966088
Forssa,Finland,60.81463189999999,23.6339467
Uimaharju,Finland,62.9140212,30.2515897
Kuusaanniemi,Finland,60.9176468,26.6472516
Vuosaari,Finland,60.20966869999999,25.1360282
Kaukopää,Finland,61.2393106,28.8640268
Olkiluoto kt,Finland,61.2363745,21.4753105
OSLOMEJ,Macedonia,41.5765727,20.9979789
BITOLA,Macedonia,41.0296773,21.3292164
TIKVES,Macedonia,41.4351304,22.0028083
VRUTOK,Macedonia,41.7665302,20.8381555
BRENNILIS 2,France,48.357285,-3.85065
BLAYAIS 3,France,45.126841,-0.662941
BLAYAIS 2,France,44.8048294,-0.7706249
DIRINON 1,France,48.39819360000001,-4.269775399999999
BLAYAIS 1,France,45.126841,-0.662941
BRENNILIS 3,France,48.357285,-3.85065
SAUSSAZ,France,45.196043,6.332948
STRASBOURG,France,48.5734053,7.752111299999999
KEMBS,France,47.688362,7.503799000000001
OTTMARSHEIM,France,47.78719,7.506512
ST ALBAN 2,France,48.557172,-2.532964
COUESQUE,France,44.6952896,2.5824575
VOGELGRUN,France,48.012656,7.573436
ST ALBAN 1,France,48.557172,-2.532964
RANDENS,France,45.543855,6.310284999999999
GERSTHEIM,France,48.38069000000001,7.695487
PENLY 2,France,49.980265,1.232629
PENLY 1,France,49.980265,1.232629
SAINT PIERRE COGNET,France,44.876728,5.803836
PASSY,France,45.923392,6.684919
ASTON,France,42.774335,1.675064
ST LAURENT 1,France,46.227638,2.213749
HERMILLON,France,45.298113,6.362291
VAIRES 2,France,48.87360899999999,2.639543
AMFARD15,France,46.227638,2.213749
VAIRES 3,France,48.87360899999999,2.639543
VAIRES 1,France,48.87360899999999,2.639543
CYCOFOS TV2,France,46.227638,2.213749
GENNEVILLIERS 1,France,48.925525,2.293275
CATTENOM 3,France,49.406263,6.243668
CYCOFOS,France,43.4289232,4.8840074
DIRINON 2,France,48.39819360000001,-4.269775399999999
DK6,France,51.0474662,2.3257493
PALUEL 4,France,49.832363,0.629065
PALUEL 2,France,49.832363,0.629065
PALUEL 3,France,49.832363,0.629065
PALUEL 1,France,49.832363,0.629065
NOGENT 2,France,48.026938,5.341362999999999
CATTENOM 1,France,49.406263,6.243668
RANCE,France,48.5690229,-1.9965277
BELLEVILLE 2,France,48.8728179,2.389461
MONTEREAU 6,France,48.4180478,2.9587619
BELLEVILLE 1,France,48.8728179,2.389461
SEYSSEL,France,45.9592788,5.8507466
MONTEREAU 5,France,48.3270913,2.8506061
BUGEY 5,France,45.95843600000001,5.359556
CHAUTAGNE,France,45.880811,5.842855999999999
SUPER BISSORTE,France,46.227638,2.213749
GRAND MAISON,France,43.791966,6.665229999999999
COCHE,France,46.227638,2.213749
CATTENOM 2,France,49.406263,6.243668
CHEYLAS,France,45.370801,5.992381
GENISSIAT,France,46.0544281,5.7652303
FR-GA-MORANT1,France,46.227638,2.213749
BUGEY 4,France,45.95843600000001,5.359556
BUGEY 3,France,45.95843600000001,5.359556
BLAYAIS 4,France,44.8048294,-0.7706249
BUGEY 2,France,45.95843600000001,5.359556
CADEROUSSE,France,44.102091,4.756495999999999
BOLLENE,France,44.2811484,4.75331
HAVRE 4,France,49.49437,0.107929
CHATEAUNEUF-DU-RHONE,France,44.4864745,4.7167755
CORDEMAIS 5,France,47.291429,-1.876729
LOGIS-NEUF 1,France,44.2226232,5.9203033
SAINT-PIERRE,France,43.912546,6.924309
MAREGES,France,45.14707,5.036007
BEAUCAIRE,France,43.807235,4.644269
AVIGNON,France,43.94931700000001,4.805528
TRICASTIN 1,France,44.3262629,4.731315700000001
AIGLE,France,46.227638,2.213749
PIERRE-BENITE,France,45.7030349,4.821038199999999
VAUGRIS,France,45.4685944,4.8420315
TRICASTIN 2,France,44.3262629,4.731315700000001
PROVENCE 4 BIOMASSE,France,44.0144936,6.2116438
ST LAURENT 2,France,46.227638,2.213749
SABLONS 1,France,45.31844299999999,4.773282
BREGNIER-CORDON,France,45.6483909,5.619443
MONTEZIC,France,44.709426,2.640329
SAULT-BRENAZ,France,45.8570909,5.406098999999999
REVIN,France,49.941893,4.637199
BOURG les VALENCE,France,44.9518575,4.9029212
CORDEMAIS 4,France,47.291429,-1.876729
BEAUCHASTEL,France,44.8258962,4.8028322
BRENS,France,43.88991499999999,1.910185
TRICASTIN 4,France,44.3262629,4.731315700000001
TRICASTIN 3,France,44.3262629,4.731315700000001
CIVAUX 2,France,46.444209,0.664866
CURBANS,France,44.427565,6.035874
COMBE D'AVRIEUX,France,45.216637,6.722442
CIVAUX 1,France,46.444209,0.664866
BROMMAT,France,44.83062899999999,2.6841
CHOOZ 2,France,50.102368,4.807117
BORT,France,45.400996,2.495397
GERVANS 2,France,45.108176,4.831526999999999
LOGIS NEUF 2,France,44.220325,5.918156
MONTEYNARD,France,44.9793282,5.701300799999999
SABLONS 2,France,45.31844299999999,4.773282
MALGOVERT,France,46.227638,2.213749
CRUAS 1,France,44.656914,4.765255
GERVANS 1,France,45.108176,4.831526999999999
CHINON 1,France,47.167296,0.240385
CATTENOM 4,France,49.406263,6.243668
SAUVETERRE,France,44.024696,4.793843
CHOOZ 1,France,50.102368,4.807117
BATHIE,France,45.6262169,6.449892999999999
CHINON 4,France,47.167296,0.240385
CHINON 3,France,47.167296,0.240385
CHINON 2,France,47.167296,0.240385
DAMPIERRE 1,France,47.154674,5.739674
COMBIGOLFE,France,43.4074172,4.867611399999999
DAMPIERRE 2,France,47.154674,5.739674
CRUAS 4,France,44.656914,4.765255
CRUAS 3,France,44.656914,4.765255
SPEM,France,46.227638,2.213749
FESSENHEIM 2,France,48.6576681,7.566388999999999
FESSENHEIM 1,France,47.91470899999999,7.537625999999999
DAMPIERRE 4,France,47.154674,5.739674
DAMPIERRE 3,France,47.154674,5.739674
BOUCHAIN 7,France,50.281524,3.319975
BLENOD 5,France,48.8811589,6.053062
PIED DE BORNE,France,44.475285,3.984922999999999
ORAISON,France,43.914706,5.921487
CRUAS 2,France,44.656914,4.765255
MARTIGUES PONTEAU 6,France,43.368516,5.017733
MARTIGUES PONTEAU 5,France,43.368516,5.017733
ST ETIENNE CANTALES,France,44.94902,2.225837
SISTERON,France,44.194713,5.943191
SARRANS,France,44.083415,4.971544
SAINT GUILLERME,France,43.734434,3.549015
SAINT ESTEVE,France,42.711815,2.8437039
SAINTE CROIX,France,49.481459,3.779715
SAINT CHAMAS,France,43.550669,5.034508
FLAMANVILLE 1,France,49.53207,-1.865804
SERRE PONCON,France,44.5272855,6.381120699999999
PRAGNERES,France,42.81933600000001,0.0113709
POUGET,France,43.59246599999999,3.523704
VILLARODIN,France,45.2260931,6.685819299999999
GRAVELINES 4,France,50.98707,2.125537
GRAVELINES 3,France,50.98707,2.125537
AMFARD14,France,46.227638,2.213749
GRAVELINES 1,France,50.98707,2.125537
GRAVELINES 2,France,50.98707,2.125537
GOLFECH 2,France,44.114113,0.851985
PROVENCE 5,France,44.0144936,6.2116438
MARCKOLSHEIM,France,48.163894,7.543984999999998
NOGENT 1,France,48.026938,5.341362999999999
RHINAU,France,48.318771,7.704565999999999
CHASTANG,France,45.172484,1.734632
GRAVELINES 6,France,50.98707,2.125537
FESSENHEIM,France,47.91470899999999,7.537625999999999
VOUGLANS,France,46.485,5.680833
GRAVELINES 5,France,50.98707,2.125537
ARRIGHI 2,France,46.227638,2.213749
Pont-sur-Sambre,France,50.222336,3.847567
ARRIGHI 1,France,46.227638,2.213749
Croix-de-Metz,France,49.1193089,6.175715599999999
MONTPEZAT,France,43.854065,4.159873
GOLFECH 1,France,44.114113,0.851985
EMILE HUCHET 8,France,49.1543343,6.7052062
FLAMANVILLE 2,France,49.53207,-1.865804
EMILE HUCHET 7,France,49.1543343,6.7052062
BRENNILIS 1,France,48.357285,-3.85065
EMILE HUCHET 6,France,49.1543343,6.7052062
Dunamenti Erőmű,Hungary,47.3281775,18.9204529
DunaPV,Hungary,47.162494,19.503304
VPP szabályozási csoport,Hungary,47.162494,19.503304
Pécsi Erőmű,Hungary,46.0727345,18.232266
Gönyűi Erőmű,Hungary,47.7378081,17.804836
MVM szabályozási központ,Hungary,47.162494,19.503304
Tatabánya Erőmű,Hungary,47.5595806,18.4283824
Debreceni Kombináltciklusú Erőmű,Hungary,47.5288879,21.6254485
Bakonyi Bioerőmű,Hungary,47.25,17.8333333
VEOLIA szabályozási központ,Hungary,46.0526189,17.802898
GREENERGY szabályozási központ,Hungary,47.5534149,19.0804758
Sopronkövesd szélerőműpark,Hungary,47.54605040000001,16.7432859
Paksi Atomerőmű,Hungary,46.5743687,18.8494116
Oroszlányi Erőmű,Hungary,47.5006201,18.270297
EONSUM szabályozási központ,Hungary,47.162494,19.503304
Bakonyi Gázturbinás Erőmű,Hungary,47.162494,19.503304
Mátrai Erőmű,Hungary,47.7944596,20.0545474
Tiszai Erőmű,Hungary,47.9159377,21.077379
FZSOPV,Hungary,47.162494,19.503304
Sinergy szabályozási központ,Hungary,46.0526189,17.802898
PLOOP szabályozási központ,Hungary,47.162494,19.503304
Lőrinci Gázturbinás Erőmű,Hungary,47.7390261,19.6756558
Tüskésréti Naperőmű (Pécs),Hungary,46.06081409999999,18.2607619
Újpesti Erőmű,Hungary,47.5543462,19.1016106
Litéri Gázturbinás Erőmű,Hungary,47.10761129999999,18.0141737
PAKSPV Paks naperőmű,Hungary,46.6060722,18.8546832
Alpiq Csepel Erőmű,Hungary,47.4068148,19.0835149
Hamburger Hungária,Hungary,46.9252362,18.9363479
Sajószögedi Gázturbinás Erőmű,Hungary,47.9458004,20.9946112
ALPIQ szabályzási csoport,Hungary,47.162494,19.503304
Kispesti Erőmű,Hungary,47.45637079999999,19.1648398
Bőny Szélerőműpark,Hungary,47.6516279,17.8703841
Nyíregyházi Kombináltciklusú Erőmű,Hungary,47.9495324,21.7244053
Pannongreen,Hungary,47.525481,18.985078
Ajkai Hőerőmű,Hungary,47.1036349,17.5517783
Kelenföldi Erőmű,Hungary,47.464528,19.052819
Cushaling Production,Ireland,53.2883909,-7.028078900000001
LEE Production,Ireland,53.41291,-8.24389
Ardnacrucha Production Unit,Ireland,52.70909839999999,-8.6139472
ERNE Production,Ireland,54.28488922577314,-7.823210252248756
Lanesboro Production,Ireland,53.67245459999999,-7.9863962
Liffey Production,Ireland,53.35356483684254,-6.354348547089485
Knockmore Hill AGU Production,Ireland,53.41291,-8.24389
Aughinish Alumnia(Sealrock),Ireland,52.6211111,-9.066111099999999
Whitegate Prod,Ireland,51.8267841,-8.2321121
iPower Solutions Limited,Ireland,53.1423672,-7.692053599999999
Edenderry Prod,Ireland,53.34328430000001,-7.050583199999999
Indaver Production,Ireland,53.6771997,-6.392773699999999
Turlough Hill,Ireland,53.024167,-6.416389
Moneypoint Production,Ireland,52.61136279999999,-9.4355342
Dublin Waste to Energy,Ireland,53.3385936,-6.200459899999999
North Wall Production,Ireland,53.3487211,-6.237699999999999
Poolbeg Production,Ireland,53.3400477,-6.187796199999999
Great Island Prod,Ireland,51.8686111,-8.28
Rhode Island Production,Ireland,53.41291,-8.24389
Tarbert Production,Ireland,52.5725966,-9.3751312
Tawnaghmore Production,Ireland,54.0049345,-9.1789687
Aghada Prod,Ireland,51.836983,-8.2089958
Poolbeg A,Ireland,53.3400477,-6.187796199999999
Poolbeg B,Ireland,53.3400477,-6.187796199999999
Huntstown Production,Ireland,53.3857522,-6.3803809
West Offaly Production,Ireland,53.2356871,-7.7122229
Dublin Bay Prod,Ireland,53.336918,-6.1336528
Tynagh Production,Ireland,53.150019,-8.3736439
LOREO,Italy,45.0624917,12.1864137
VALPELLINE,Italy,45.8257747,7.3267545
GARGNANO,Italy,45.6885992,10.6617327
Finale Emilia Biomassa,Italy,44.8324577,11.2911601
NUOVA MONTEROTONDO,Italy,42.0517785,12.6202874
C.LE FERRARA CASSANA,Italy,44.8527876,11.5531696
SERRA DEL VENTO NORD,Italy,37.6823474,14.1456142
MONTE PETRASI,Italy,41.87194,12.56738
CENTRALE DI COGENERAZIONE DI BARDONECCHIA,Italy,45.07428609999999,6.6960506
SORIO NUOVA,Italy,45.4570776,11.3419557
PLOAGHE NULVI,Italy,40.78924980000001,8.7429717
S.FIORANO_GENERAZIONE,Italy,45.1374509,9.7231814
PREDAZZO,Italy,46.312589,11.602437
LE PRATA,Italy,43.0691193,12.8194916
TAVERNA LA STORTA NORD,Italy,42.00918799999999,12.378126
BUSSENTO,Italy,40.10039165849084,15.50054865602393
ROCCA FICUZZA,Italy,37.804754,13.3033474
PORTO VIRO,Italy,45.0403484,12.2191884
LA PENNA,Italy,41.87194,12.56738
VOLTURNO 1,Italy,41.24272900284603,14.19336454812358
NUOVA MOLINETTO,Italy,44.8374077,10.1655151
Biogen Chivasso,Italy,45.19003840000001,7.888952
Castellaneta Wind_Farm,Italy,40.62804180000001,16.9397385
COGENERAZIONE DI RIVOLI CENTO,Italy,45.0710902,7.513820999999999
U.P. BARILLA PARMA,Italy,44.801485,10.3279036
FRANCOFONTE,Italy,37.2260514,14.8786187
PARCO EOLICO SERRA PELATA,Italy,41.87194,12.56738
S.FLORIANO,Italy,45.9822617,13.5876476
CHATILLON,Italy,45.7485816,7.6128015
S.PANCRAZIO,Italy,44.8131622,10.2710682
Palazzo San Gervasio,Italy,40.9320372,15.9877834
VALLE SECOLO,Italy,41.87194,12.56738
SESTA 1,Italy,44.434849,10.044563
MEDIO CAMPIDANO,Italy,39.5317389,8.704075
ENI S.P.A. - RAFFINERIA DI SANNAZZARO,Italy,45.1019768,8.907521
ENIPOWER TARANTO,Italy,40.46436060000001,17.2470303
MONTE ZIMMARA,Italy,37.75,14.2666667
Vaglio IR,Italy,45.6037189,8.0796897
LOVERO,Italy,46.2318338,10.2274376
GIUGLIANO FV,Italy,40.9285635,14.2032077
PONTECORVO,Italy,41.4545679,13.6637674
Ferranti,Italy,41.87194,12.56738
San Giorgio La Molara,Italy,41.27096359999999,14.9201891
PIEVE VERGONTE II,Italy,46.0085014,8.265223299999999
CENCENIGHE,Italy,46.3419309,11.9713853
CARZANO,Italy,46.0729249,11.492189
Sugarella,Italy,41.87194,12.56738
CTEimpiantiSUD,Italy,39.0695857,16.0964218
P. RUSCA,Italy,41.87194,12.56738
GROTTOLE 36MW,Italy,40.5977146,16.3875583
ACERRA,Italy,40.9441091,14.371438
ASSEMINI_26,Italy,41.87194,12.56738
CANDELA,Italy,41.1348576,15.5148587
CHIOMONTE,Italy,45.1177836,6.9834046
COVALOU,Italy,45.7756567,7.5928751
PFLOR,Italy,41.87194,12.56738
COMUNANZA,Italy,42.9546532,13.4120389
PANTANO D'AVIO,Italy,45.7327794,10.9397993
VALCIMARRA FIASTRONE,Italy,43.1382232,13.1674448
GUARCINO,Italy,41.80515219999999,13.3009828
MALGA MARE,Italy,46.4181529,10.6805171
MAGISANO,Italy,39.0126318,16.6278254
FORNO DI ZOLDO,Italy,46.34589829999999,12.1771585
BARCIS,Italy,46.19071779999999,12.5592842
VERRES,Italy,45.6624352,7.6938048
Terre Nove Completamento,Italy,37.7395433,12.5020741
TORRITE,Italy,44.0979979,10.399246
STAZZONA,Italy,46.1449228,9.2695455
"Impianto fotovoltaico ""San Floro Girifalco"" ",Italy,38.8372998,16.5181168
SELLA DI CONZA,Italy,40.8333333,15.3
MONTEVERDI 1,Italy,45.5067025,11.677992
VARZO 2,Italy,46.2088946,8.2526009
BASCHI,Italy,42.66938649999999,12.2163084
CEPRANO,Italy,41.5443553,13.512173
Aggius 1 Bortigiadas Viddalba 1,Italy,40.8909278,9.042497599999999
LIGONCHIO OZOLA,Italy,44.29740750000001,10.3385624
MEDUNO,Italy,46.2170505,12.7882019
MONTE MALVIZZO,Italy,37.282931,13.709796
CASTROCUCCO,Italy,39.93698029999999,15.7633592
BRESSANONE,Italy,46.7177048,11.6572436
PONT VENTOUX_2 ,Italy,41.87194,12.56738
FOIANO AMPLIAMENTO,Italy,43.2647764,11.8093583
AIROLE,Italy,43.8712411,7.5555666
IMPIANTO FV SANT'ALBERTO FORELLO,Italy,44.5173435,12.1565419
Faeto 20 Difesa,Italy,41.3233966,15.1626884
PIETRACATELLA,Italy,41.5722108,14.8571368
IVPC4 LACEDONIA,Italy,41.0499933,15.4210652
S.LEONARDO,Italy,46.1185306,13.531517
CAMPO,Italy,43.3184204,11.3316911
GOGLIO,Italy,46.2947451,8.2636604
S.MASSENZA 1 (Molveno),Italy,46.065484,10.980459
TULA 2,Italy,41.87194,12.56738
MINERVINO MURGE - CONTRADA PASSEGGERI,Italy,41.0856165,16.0773816
TROIA SAN VINCENZO,Italy,43.0772066,10.5577407
Monteleone 28,Italy,45.1930525,9.4076878
VOLTURINO,Italy,41.4775815,15.1233932
ASCOLI SATRIANO,Italy,41.2033413,15.5627449
ENIPOWER LIVORNO,Italy,43.548473,10.3105674
ROTELLO,Italy,41.7463857,15.0061603
Piano San Biagio,Italy,41.609715,13.9492051
AEMTECNO,Italy,41.87194,12.56738
SAN MAURO,Italy,45.1020871,7.765355399999999
LAMACARVOTTA,Italy,41.87194,12.56738
ROSELECTRA,Italy,41.87194,12.56738
Deliceto Eolico,Italy,41.2230168,15.3861953
Deliceto Eolico 2,Italy,41.2230168,15.3861953
MAIDA CORTALE,Italy,38.8385405,16.4119665
PARCO EOLICO IARDINO,Italy,41.87194,12.56738
PARAVISO,Italy,41.87194,12.56738
BADUOZZANA,Italy,41.87194,12.56738
GREENPATTI,Italy,41.87194,12.56738
isca ricotta - melfi,Italy,40.9933137,15.6531089
Bagaladi,Italy,38.0254433,15.8210305
BUSSOLENGO,Italy,45.4732537,10.8507277
AVIGLAINO,Italy,40.7299,15.7145967
LAMIA DI CLEMENTE,Italy,41.87194,12.56738
AVENTINO 1,Italy,41.87194,12.56738
BISACCIA 2,Italy,41.0153354,15.3758878
BARCA CLE ,Italy,41.87194,12.56738
GONNOSFANADIGA,Italy,39.4960333,8.6629699
IMPSUD,Italy,41.87194,12.56738
BASTARDO,Italy,42.8714814,12.5602688
Centrale Monte Carmine,Italy,40.761111,15.746389
PORTO CORSINI,Italy,44.49404579999999,12.2788825
POMIGLIANO D'ARCO,Italy,40.9101303,14.3829123
AIRASCA_2,Italy,41.87194,12.56738
PONTE ANNIBALE,Italy,41.2920824,14.5493304
CREVOLA D.,Italy,45.80513699999999,8.256579
MONCALIERI,Italy,44.9983525,7.680287799999999
VENAMARTELLO,Italy,42.7896735,13.4164107
LEINI,Italy,45.1835252,7.7137308
NUOVA ALTA NURRA,Italy,40.7994208,8.4395251
CASTELBELLO,Italy,46.6279499,10.906579
CET 2,Italy,41.87194,12.56738
FORENTUM,Italy,41.0482276,15.7886489
SPARANISE ,Italy,41.1933964,14.099336
RIO PUSTERIA,Italy,46.79652110000001,11.6681001
S.MIALI,Italy,41.87194,12.56738
ENIPOWER RAVENNA,Italy,44.4477005,12.2359504
ROSSINI_12952,Italy,41.87194,12.56738
E.P. SISTEMI,Italy,41.87194,12.56738
SPERANDO,Italy,41.87194,12.56738
PONTE ALBANITO,Italy,41.3515374,15.5327914
ENTRACQUE ROVINA,Italy,44.2439659,7.3964073
Costa del Pidocchio,Italy,41.87194,12.56738
CHIVASSO,Italy,45.19003840000001,7.888952
Rocca Rossa,Italy,38.0388371,13.4517187
BARDONECCHIA,Italy,45.07428609999999,6.6960506
LANUVIO,Italy,41.675393,12.6980262
De Nittis 1,Italy,41.87194,12.56738
Parco Eolico Monte Carpinaccio,Italy,44.1596718,11.3809776
Bergkristall Stieber,Italy,41.87194,12.56738
TRAVALE 4,Italy,43.1676323,11.0069318
Bovino 1,Italy,41.2682521,15.3716684
MAZZUNNO,Italy,45.8942178,10.1487187
CANTERNO,Italy,41.7536206,13.2504767
GEROLA,Italy,46.0595826,9.5507545
MORINO,Italy,41.8638676,13.4570717
WARTSILA ITALIA S.P.A,Italy,41.87194,12.56738
MATISSE,Italy,41.87194,12.56738
C.le Idroelettrica Uvini,Italy,41.87194,12.56738
GARDONA,Italy,45.6181853,10.5595645
SERMIDE,Italy,45.0039927,11.2991526
IMPIANTO DI PRESELEZIONE E TERMOVALORIZZAZIONE SILLA2,Italy,41.87194,12.56738
IMPIANTO EOLICO CASONI,Italy,41.87194,12.56738
ISAB ENERGY,Italy,37.131724,15.2010272
CIPONTE 14MW,Italy,45.0724921,7.575397700000001
SERRO LUNGO,Italy,38.2250238,15.4590864
GOLTARA,Italy,41.87194,12.56738
S.FIORANO,Italy,45.1374509,9.7231814
U.P.  WHIRLPOOL,Italy,41.87194,12.56738
PREMESA,Italy,41.87194,12.56738
PALLANZENO,Italy,46.0396515,8.260328399999999
C.LE HERA MODENA CAVAZZA,Italy,44.6580828,10.9176992
CENTRALE ADRIA,Italy,45.0555487,12.0560381
CEDEGOLO,Italy,46.0770081,10.3488161
PARCO EOLICO MONTE CUTE,Italy,41.87194,12.56738
TERRE-NOVE,Italy,37.6816678,12.5724749
PARCO EOLICO MINEO,Italy,37.2658657,14.6906828
ITA V.SERIO,Italy,45.6346869,9.7058924
MISTRETTA,Italy,37.9151675,14.3559158
CADARESE,Italy,46.2971604,8.360331799999999
S. ANGELO,Italy,42.5176481,14.060208
VILLA S.MARIA,Italy,41.9513556,14.3529886
BIOMASSE RUSSI,Italy,44.3720066,12.0413616
S.VALBURGA,Italy,46.5478977,11.0032249
Ripalonga,Italy,41.87194,12.56738
STRONGOLI,Italy,39.2670877,17.0503834
OZIERI,Italy,40.5862496,9.000060099999999
FONDOVALLE,Italy,46.3422566,8.4244805
CASSINO,Italy,41.4866953,13.8332193
MARSICA II,Italy,41.970087,13.6362715
S.PIETRO ORZIO,Italy,45.8855486,9.6609091
CASTEL MADAMA,Italy,41.9755154,12.8696673
GUADALAMI C.LE,Italy,37.9555426,13.2792628
NOVE,Italy,45.72552520000001,11.6797803
TERNI,Italy,42.5636168,12.6426604
DELL'ALVANO E AQUILEA,Italy,45.76816909999999,13.3687199
CA DEL BUE,Italy,45.3997278,11.0572092
ARIA srl UL1,Italy,45.0646746,7.6628396
MONTE CAVUTI,Italy,41.87194,12.56738
FORENZA,Italy,40.8548526,15.8611417
LUCITO,Italy,41.7319368,14.6879876
MALALBERGO,Italy,44.7179078,11.5297213
 BANZI,Italy,40.8622377,16.0128548
PARCO EOLICO ORDONA,Italy,41.3144165,15.6266448
TAIO,Italy,46.322425,11.0658028
NAPOLI L,Italy,40.8517983,14.26812
CENTRALE SACCO_1,Italy,41.87194,12.56738
Parco Vecchio - Valle Cancelli - Ripa,Italy,37.96626450000001,13.3803245
PONTEFIUME,Italy,41.87194,12.56738
SALSOMINORE,Italy,44.8257753,9.9751701
RATINO,Italy,41.87194,12.56738
LUDRIGNO DER. SERIO,Italy,45.9243854,9.9252659
Vaprio d'adda,Italy,45.5782176,9.519675999999999
Segheria Nuova,Italy,45.5860048,9.1939221
SAN FILIPPO DEL MELA ,Italy,38.1691648,15.2742899
BAGNORE 3,Italy,42.842651,11.5593541
De Nittis 3,Italy,41.87194,12.56738
SUSA,Italy,45.1386144,7.048457300000001
LITTIGHEDDU,Italy,40.8729328,8.7902896
BiOlevano biomassa,Italy,45.2212934,8.7039751
TORNAVENTO,Italy,45.58134829999999,8.7097632
MELISSA,Italy,39.3175364,17.0421324
CAMPLICCIOLI,Italy,46.0455049,8.074577399999999
CENTRALE EOLICA VICARI UNO,Italy,37.8261716,13.5705866
Aggius 3 Viddalba 2,Italy,40.9300376,9.064926999999999
OSTIGLIA,Italy,45.0714086,11.1338669
Tor di Valle MCI,Italy,41.8233542,12.4294608
MURGE,Italy,40.0575983,15.8543504
LICODIA EUBEA,Italy,37.155144,14.7002376
CAVILLA,Italy,41.87194,12.56738
FAENZA CONVERTITE,Italy,44.3104477,11.8619391
API ENERGIA IGCC,Italy,41.87194,12.56738
Alfonsine 2,Italy,44.5059036,12.0430671
Zignago Power,Italy,45.0252341,11.4812839
Faubourg,Italy,41.87194,12.56738
TERMOVALORIZZATORE PBZ,Italy,41.87194,12.56738
FARINELLO,Italy,41.87194,12.56738
ACCEGLIO,Italy,44.47501500000001,6.988893
Ortanova loc. Santo Spirito,Italy,41.3279916,15.709254
CONTE,Italy,41.87194,12.56738
COZZO VALLEFONDI 1,Italy,45.1924024,8.6118743
TORINO NORD,Italy,45.0703393,7.686864
COSTA GRANDE,Italy,41.5855985,13.3762382
PALAZZO 2,Italy,41.87194,12.56738
Tarifa,Italy,41.87194,12.56738
TERMOLI 2,Italy,42.0005331,14.9952839
FUCINE,Italy,46.3103546,10.7300948
CARDANO,Italy,46.49327,11.3925923
PARCO EOLICO POGGI ALTI,Italy,41.87194,12.56738
BRINDISI SUD CE,Italy,40.6327278,17.9417616
S.ANNA_012,Italy,41.87194,12.56738
Tirsole 25Mwp ,Italy,41.87194,12.56738
SAVINER,Italy,46.43848850000001,11.9847739
VINADIO,Italy,44.3077779,7.176439199999999
RIVA DEL GARDA - NUOVO,Italy,45.8891984,10.8430696
Apecchio - Monte dei Sospiri,Italy,43.559025,12.420129
Trapani Contrada Coniglia,Italy,38.0173505,12.5365171
CURON,Italy,46.80811079999999,10.5407426
ZEVIO,Italy,45.37170159999999,11.1335491
SATRIANO 1S,Italy,38.6678244,16.4806572
MAEN,Italy,45.8690591,7.6172968
SOVERZENE,Italy,46.2063212,12.3028552
IMPIANTO EOLICO PIETRAMONTECORVINO,Italy,41.5432306,15.1316634
BUTERA2,Italy,37.1916464,14.182458
CENTRALE TEL,Italy,45.4839709,9.2060969
Parco Eolico Torre di Ruggiero ,Italy,38.6532245,16.3726073
DARFO,Italy,45.89724030000001,10.195664
PARCO EOLICO PIANO DI CORDA,Italy,41.87194,12.56738
TORBOLE,Italy,45.8778243,10.8908516
FOIANO2,Italy,41.87194,12.56738
Impianto di Bolgiano,Italy,45.4210177,9.2836611
BALSORANO,Italy,41.80152020000001,13.5733388
TERMICA COLLEFERRO,Italy,41.7351684,12.9727573
LANZADA,Italy,46.2695803,9.872098699999999
ALTOMONTE,Italy,39.69848169999999,16.1289488
VILLA CASTELLI WF,Italy,40.5827618,17.4778206
CHPP-Augusta,Italy,37.2500684,15.2216971
PESCARA 1S,Italy,42.4617902,14.2160898
CENTRALE A BIOMASSE BANDO D'ARGENTA,Italy,44.6497015,11.8900911
CASTELMASSA,Italy,45.02219900000001,11.3114098
S.DAMIANO,Italy,45.56746649999999,9.303728099999999
SAN MARCO,Italy,45.4340683,12.3344721
MADDALONI T.GAS,Italy,41.0367027,14.3812391
IMPIANTO IDROELETTRICO DEL PASSIRIO,Italy,46.75147279901153,11.19026028810979
AES OTTANA ENERGIA S.R.L,Italy,40.2338,9.0421
TALAMONA,Italy,46.1368155,9.6105769
CENTRALE GRIGHINE,Italy,45.4839709,9.2060969
TURBIGO S.,Italy,45.5329915,8.736665
POZZO MARANO,Italy,40.887032,14.1756573
CARONA,Italy,46.02538879999999,9.8325488
PALINO 20MW,Italy,42.5834384,12.8444176
POSCHIAVINO C.LE,Italy,41.87194,12.56738
PARCO EOLICO ALCAMO,Italy,37.95681990000001,13.0293983
La Toppa 1,Italy,41.87194,12.56738
CROT,Italy,45.230796,7.202860799999999
SASSO 2,Italy,42.0294505,12.0142753
SAN  QUIRICO,Italy,42.6652342,11.7611942
ROCCHETTA 3,Italy,41.87194,12.56738
LAGO ARANCIO,Italy,37.6365133,13.0630616
TROIA SAN CIREO,Italy,37.82283839999999,12.7670964
GALLETO,Italy,45.0325892,7.430427199999999
BOFFALORA,Italy,45.46282710000001,8.8293459
Cassino Trigenerazione,Italy,41.4907889,13.8333776
PRACOMUNE,Italy,41.87194,12.56738
CASTELLETTO,Italy,44.4199049,8.9369537
ALTO GARDA POWER SRL,Italy,41.87194,12.56738
Parco Eolico Buseto,Italy,38.0021464,12.7169408
RESIO,Italy,44.8254715,8.2755569
Circello - Piana Barone e Costa Pagliara,Italy,41.3543832,14.811152
U.P. INTERECOGEN,Italy,41.87194,12.56738
BOSCOLEPIANE,Italy,41.87194,12.56738
CROCIMINUTI-MALUCUTRAZZO-IRTO SCURO,Italy,38.0843322,14.750536
CAMPOREALE,Italy,37.89799259999999,13.0948959
VIZZOLA T.,Italy,45.6261799,8.6829486
PARTINICO,Italy,38.0466977,13.1183541
MONFALCONE,Italy,45.8050468,13.5331727
COMUNACQUA,Italy,41.8645308,13.1984085
FOIANO VAL FORTORE,Italy,41.3444525,14.9505671
Nova LT16 ,Italy,41.87194,12.56738
PELOS,Italy,46.489672,12.460904
LACEDONIA 2,Italy,41.0499933,15.4210652
BARDONETTO,Italy,45.4078695,7.4896508
Centrale idroelettrica Megolo e Ceppomorelli,Italy,45.9710247,8.071199499999999
MANDELA,Italy,42.0301029,12.9231015
TERMOVALORIZZATORE CDR,Italy,43.8494267,11.1751462
FEDIO,Italy,44.3248584,7.275064400000001
MONTEVERDI 2,Italy,41.87194,12.56738
PIACENZA,Italy,45.0526206,9.6929845
Burgentia Energia,Italy,40.4764155,15.627619
TURBIGO,Italy,45.5329915,8.736665
SARMATO,Italy,45.0596612,9.4914405
S.BARBARA,Italy,40.1785479,15.2577023
 MONTAGNA FAETO,Italy,41.3233966,15.1626884
Piano del Cornale,Italy,45.044946,8.913430199999999
SICULIANA1,Italy,37.3354454,13.4216615
DOSSI,Italy,45.2351763,11.5676181
COGOLO,Italy,46.3477949,10.6965438
JESI,Italy,43.5270861,13.2463797
Biomassa Rignano,Italy,43.7235312,11.4468796
ILVA TARANTO CET3,Italy,40.46436060000001,17.2470303
MIMIANI,Italy,37.571818,13.931872
EDIS ESTERLE,Italy,41.87194,12.56738
GIRIFALCO-PEG,Italy,38.8240653,16.4209345
TRAPANI-SALEMI,Italy,37.8189673,12.798878
PRIOLO GARGALLO,Italy,37.15785839999999,15.1837006
SIGNAYES,Italy,45.7578407,7.3123325
MASSERIA VINCELLI,Italy,41.87194,12.56738
Impianto eolico di Cutro - località Rosito,Italy,39.0359151,16.974633
ROTONDELLA,Italy,40.17033139999999,16.524359
SAN MARTINO IN PENSILIS,Italy,41.870085,15.0109437
SICET,Italy,41.87194,12.56738
CER CASTELFRANCO,Italy,45.6716942,11.9282388
NUOVA ACQUASPRUZZA,Italy,41.87194,12.56738
Parco eolico Santomenna,Italy,40.8074781,15.320254
POGGIO IMPERIALE,Italy,41.8247876,15.3672536
CMM Castel Fraiano IR1,Italy,41.885511,14.408939
ALFONSINE,Italy,44.5059036,12.0430671
CARLENTINI  ,Italy,37.2698234,15.014569
De Nittis 2,Italy,41.87194,12.56738
CTE TAMARETE,Italy,41.87194,12.56738
ALBERONA MEZZANELLE,Italy,41.432188,15.1242439
Baselice EDENS,Italy,41.3920535,14.9732297
Bisaccia,Italy,41.0153354,15.3758878
RIZZICONI,Italy,38.433813,15.981739
EMMEZETA SOLAR PARK ROVIGO,Italy,45.0698118,11.7902158
BATTIGGIO,Italy,45.98437,8.1251984
C.T.E.C.,Italy,41.87194,12.56738
MASOCORONA,Italy,41.87194,12.56738
Tricarico C&C,Italy,40.6178282,16.1472745
RIO RIVA,Italy,45.8891984,10.8430696
S.GIACOMO,Italy,42.8000634,13.5719932
MONTEFERRANTE,Italy,41.9522905,14.3886119
SELVA 1,Italy,46.5564624,11.7546575
MESE,Italy,46.3071989,9.379607199999999
ACTV,Italy,41.87194,12.56738
PIANCASTAGNAIO 5,Italy,42.8500321,11.6866772
BORDOGNA,Italy,45.95206169999999,9.7203608
CAIRO,Italy,44.4008071,8.2732695
PROVVIDENZA,Italy,45.0312416,8.7909261
Eurowindordona,Italy,41.87194,12.56738
ROVESCA,Italy,46.0567012,8.1237738
Nebrodi Est,Italy,37.9290063,14.6779267
PONTE GIULIO,Italy,42.7601344,12.0618773
PONT VENTOUX,Italy,45.1505914,7.017626300000001
VERZUOLO,Italy,44.5938864,7.483104499999999
BUGLIA,Italy,40.7928393,17.1011931
FENESTRELLE,Italy,45.0365711,7.048518899999999
ISOLLAZ,Italy,45.68871619999999,7.711202399999999
SULCIS CENTR,Italy,39.0714283,8.635171099999999
COLAVECCHI - COLOVE',Italy,41.87194,12.56738
NUOVA SAN MARTINO,Italy,41.87194,12.56738
SA TURRINA MANNA,Italy,40.7638868,8.965657799999999
SERRA DI CRISTO,Italy,44.2807249,7.902437999999999
PONTE MALON,Italy,46.5502338,12.4328399
SAN GIOVANNI IN GALDO,Italy,41.5915582,14.7522893
SAN SOSTENE,Italy,38.639332,16.4850678
AZOTATI,Italy,41.87194,12.56738
Torrent,Italy,41.87194,12.56738
GROSIO,Italy,46.2981557,10.2746514
Nebrodi Ovest,Italy,37.9290063,14.6779267
LACEDONIA CERRELLO,Italy,41.0499933,15.4210652
CENTRALE COGENERAZIONE - ROQUETTE ITALIA,Italy,44.7584701,8.8546973
Breathe energia in movimento,Italy,41.87194,12.56738
MONTICELLI,Italy,42.8518499,13.6203547
BARLETTA 10MW,Italy,41.3196635,16.2838207
TAVERNA LA STORTA SUD,Italy,42.00918799999999,12.378126
Le Coste,Italy,41.5191204,14.3851926
FLUMENDOSA 1,Italy,38.9720483,8.974849299999999
PREDARE,Italy,41.87194,12.56738
CORNIA 2,Italy,42.971943,10.557329
MATESE 2S,Italy,41.3551823,14.3707386
PARONA,Italy,45.2795804,8.749632199999999
CASUZZE,Italy,36.7900105,14.5253628
TAVAZZANO,Italy,45.32772180000001,9.4054364
ENTRACQUE_CHRO,Italy,41.87194,12.56738
CCGT APRILIA,Italy,41.5944018,12.6560314
CARLENTINI 2,Italy,37.2698234,15.014569
CAPODIPONTE TRONTO,Italy,42.83603561023242,13.66112184288169
DOTTO - CIORLANO,Italy,41.4499878,14.1596149
STORO,Italy,45.8482451,10.5790256
CREGO,Italy,46.2562721,8.3404354
MONTORIO,Italy,45.4587711,11.0645412
SAN NICOLA,Italy,39.4187643,16.1577261
SESTO SAN GIOVANNI,Italy,45.5328245,9.2256875
Spartivento,Italy,38.88445600000001,8.839032099999999
ARDENNO,Italy,46.1700698,9.6507395
SERRA CHIAPPONI,Italy,40.1739796,15.682954
TRIANO,Italy,42.5404681,13.816011
CHIEVOLIS,Italy,46.2545519,12.7353981
CORENNO,Italy,46.08966400000001,9.3113951
PILANI,Italy,41.87194,12.56738
FOSSA DEL LUPO,Italy,43.2466124,11.9736832
IGE-SANDONACI,Italy,40.4565537,17.8998566
COLARI,Italy,41.87194,12.56738
Su Scioffu,Italy,41.87194,12.56738
FEATV2,Italy,41.87194,12.56738
E.ON C.TE LIVORNO FERRARIS ,Italy,45.2817294,8.084918199999999
ENERGIA MOLISE,Italy,41.67388649999999,14.7520939
ROSSANO TE,Italy,39.57633089999999,16.6342882
DRONERO C.,Italy,44.4658423,7.3656691
Petralia Sottana,Italy,37.6273979,13.98402
CARPINONE,Italy,41.5922026,14.3239586
GIUNCHETTO,Italy,43.7982818,7.696803
TECNOBORGO,Italy,45.0547046,9.7319804
LECCE3,Italy,40.3515155,18.1750161
HONE2,Italy,41.87194,12.56738
TUSCIANO,Italy,40.62082242616763,14.95642635819614
IDRO-CANISTRO,Italy,41.9407026,13.4020814
ILVA Taranto TRT S.p.a,Italy,40.46436060000001,17.2470303
MINERVINO MURGE,Italy,41.0856165,16.0773816
PANNI,Italy,41.2207958,15.2761851
"Ascoli Satriano-Località Lagnano, Pozzo Zingaro",Italy,41.246197,15.6053023
EOLO TEMPIO PAUSANIA,Italy,40.9031356,9.104066999999999
ACQUORIA,Italy,41.87194,12.56738
ORSA MAGGIORE,Italy,41.87194,12.56738
Vallata,Italy,41.0252906,15.2779983
MONTALTO C.LE,Italy,42.3515659,11.6070098
MONTEMARTINI,Italy,41.8668184,12.4780544
LEVANTE,Italy,44.3674831,9.2467515
SAN CHIRICO,Italy,41.1537771,14.7807184
Taverna Caduta,Italy,43.4174622,11.1902298
BUSSI,Italy,42.2135849,13.8253915
GRECI 2,Italy,41.87194,12.56738
PARCO EOLICO COCULLO,Italy,42.0490473,13.7848971
vento a Piansano,Italy,42.5200588,11.8288661
AVEZZANO,Italy,42.0281396,13.4255637
S.SILVESTRO,Italy,45.128057,10.7472492
CENTRALE DI TEVEROLA ,Italy,40.992217,14.2075417
SANT'ANDREA ENERGIA PULITA,Italy,45.4713554,9.1689303
PARCO EOLICO MARCO AURELIO SEVERINO,Italy,41.87194,12.56738
MONTALTO24,Italy,41.87194,12.56738
LINATE 1,Italy,45.4451354,9.2720947
CHAVONNE,Italy,45.7019007,7.219332
VINCHIANA,Italy,43.9291862,10.5319497
CASTEL DI LUCIO,Italy,37.887652,14.3132362
MANTELERA,Italy,41.87194,12.56738
MALLERO,Italy,46.1609604,9.8488943
SAN MICHELE CAROSO,Italy,41.87194,12.56738
IVPC ALBERONA,Italy,41.432188,15.1242439
VAL NOANA,Italy,46.138214,11.839135
CASTELDELF,Italy,41.87194,12.56738
CORFINO,Italy,44.1808162,10.37829
LA CASELLA C.LE,Italy,43.4737392,12.58736
SAGITTARIO NUOVO,Italy,41.87194,12.56738
MONTORSI,Italy,41.0732954,14.7991357
KIMBERLY CLARK SRL,Italy,45.0613169,7.6555097
Energia Alternativa,Italy,41.87194,12.56738
CICCOLOCANE,Italy,41.87194,12.56738
Borgo Sabotino,Italy,41.4181392,12.8486076
IL PRIMO,Italy,41.87194,12.56738
Ariano Irpino eolico,Italy,41.1548934,15.0922763
LAGONI ROSSI,Italy,43.1641111,10.7769918
RANCIA 2,Italy,43.2099817,11.0350337
Vento DI Vino,Italy,44.3180397,11.2590632
TRE_TORRI,Italy,45.4768832,9.161572
SAN PIETRO AVELLANA,Italy,41.7904529,14.18279
PIAN DELLA ROCCA,Italy,44.00404169999999,10.5457848
TIMPAGRANDE,Italy,39.1755365,16.7803288
TERMINI IMERESE C.LE,Italy,37.984023,13.6961892
VERAMPIO,Italy,46.2424316,8.323660799999999
MINERVINO MURGE - CONTRADA RINALDI,Italy,41.0856165,16.0773816
BISACCIA 48MW,Italy,41.0153354,15.3758878
ISOLATO SPLUGA,Italy,41.87194,12.56738
SALISANO,Italy,42.2777695,12.7479899
LE PIANE,Italy,45.7043625,8.1759662
BOAZZO,Italy,46.0018781,10.517251
CARBOLI 2,Italy,43.1323218,10.8164794
SAN BASILIO,Italy,39.5240951,9.2009815
CAPRIATI,Italy,41.4683793,14.1478287
PIETRAPORZIO,Italy,44.3432404,7.0358608
Posticciola,Italy,42.2399171,12.9333002
CASSANO,Italy,41.0323653,14.7124629
SIMERI CRICHI,Italy,38.9548318,16.6403197
SATRIANO 2S,Italy,38.6678244,16.4806572
CADAU1,Italy,41.87194,12.56738
TORRENTE TONA,Italy,41.7411843,15.0542919
MONTE DELLA DIFESA,Italy,41.87194,12.56738
CET SERVOLA,Italy,45.623894,13.7859095
MERCURE,Italy,41.87194,12.56738
S.Agata Biomassa,Italy,41.87194,12.56738
ZUINO,Italy,45.6790058,10.6443152
ASCOLI-DELICETO,Italy,41.2210099,15.4720437
ANDROMEDA 45 MW,Italy,41.87194,12.56738
ALIA SCLAFANI,Italy,41.87194,12.56738
CENTRALE IDROELETTRICA DI CANATE,Italy,44.4764278,9.0546902
GRIGNO,Italy,46.01698870000001,11.6312371
CACCAMO,Italy,37.9313776,13.6652138
LeReni,Italy,41.87194,12.56738
MONTARONE 2,Italy,42.4135235,12.0635715
PARCO EOLICO CAMAS DI MAIDA,Italy,38.887938,16.3817021
GRESSONEY,Italy,45.7803313,7.8250484
SAMPEYRE,Italy,44.5794459,7.1856201
CELANO,Italy,42.08225119999999,13.5429874
AGORDO,Italy,46.2838939,12.0345018
SORGENIA PUGLIA CENTRALE DI MODUGNO,Italy,41.10212509999999,16.7590574
FARFA I,Italy,42.2213595,12.7181804
GUSPINI,Italy,39.5393102,8.627334399999999
MOBILSERVICE,Italy,41.87194,12.56738
APPIA ENERGY S.R.L.,Italy,40.5878971,17.1160344
GORDONA,Italy,46.2806912,9.3199907
SOMPLAGO,Italy,46.3491942,13.0671185
CAROSO-BORZONASCA,Italy,44.4369114,9.3978891
LEMIE,Italy,45.2284854,7.293337299999999
MACCHIA VF,Italy,41.87194,12.56738
TROIA2,Italy,41.3597802,15.3081141
NULVI TERGU,Italy,40.78924980000001,8.7429717
RANCIA 1,Italy,43.214384,11.045511
S.E.F. SRL,Italy,45.6858978,10.401947
VARZO CAIRASCA,Italy,46.2088946,8.2526009
MARLENGO,Italy,46.65753,11.1403954
LAMARMORA,Italy,45.5214528,10.2119419
LEVANE,Italy,43.4973822,11.6200436
EDOLO,Italy,46.1804266,10.3298933
Ferrara Aranova,Italy,41.9249957,12.2382631
UP_BRNSFIR_1,Italy,41.87194,12.56738
ALANNO,Italy,42.2851098,13.9956269
ALA,Italy,45.7625639,11.0051732
MONTE DURRA',Italy,41.87194,12.56738
VILLA RINALDI,Italy,45.4098597,11.2674572
ENI S.P.A. - RAFFINERIA DI VENEZIA,Italy,45.4408474,12.3155151
FARFA II,Italy,42.2213595,12.7181804
CALLARI,Italy,41.87194,12.56738
Alcantara Sud,Italy,39.3395135,16.4460061
BIOPOWER SARDEGNA,Italy,40.2393137,9.0195289
Parco eolico Wincap,Italy,41.87194,12.56738
Serra Energie,Italy,41.87194,12.56738
ELCE2,Italy,41.87194,12.56738
SORA,Italy,41.7188539,13.6130491
SELED GLORENZA,Italy,46.6706289,10.5529478
PESCINA WIND,Italy,42.0253997,13.6505082
EolicoLucera-BorgoSanGiusto,Italy,41.4298888,15.4031472
CASTELNUOVO DI CONZA,Italy,40.8190909,15.3197044
OLIVOLA 16MW,Italy,45.0349976,8.3683567
FRANCIOSA1,Italy,41.87194,12.56738
FRANCIOSA2,Italy,41.87194,12.56738
Parco di Stalla,Italy,40.6029219,16.9661074
FARNETA,Italy,44.3506669,10.5692585
SCALELLE,Italy,42.817521,13.426565
CENTRALE DI COGENERAZIONE,Italy,41.87194,12.56738
BORGO TRENTO,Italy,45.4477733,10.9883162
EALL - S. Vittore del Lazio ,Italy,41.4601815,13.9319409
C.LE HERA CASALEGNO,Italy,41.87194,12.56738
CHAMPAGNE1,Italy,41.87194,12.56738
Sant'Alberto 2,Italy,44.7427977,11.4226804
SPINA,Italy,42.9858846,12.2786163
Impianto Eolico Sambuco,Italy,41.87194,12.56738
Sun Energy and Partners,Italy,41.87194,12.56738
CASSINO-META,Italy,40.6428867,14.4173398
MASINO,Italy,45.39158140000001,7.960844699999999
AMARONI,Italy,38.792906,16.4462245
Powercrop Macchiareddu,Italy,39.2273901,8.9836561
GIARRATANA,Italy,37.0485436,14.7933956
PORCARI,Italy,43.841981,10.6176612
Alcantara Nord,Italy,37.89552602129761,15.07922994556979
CANAVESE,Italy,45.391156,7.781129999999999
CALICE,Italy,44.5396422,9.5802142
BICCARI,Italy,41.3984747,15.1980786
Ferrara Focomorto 2,Italy,44.8334537,11.6788585
CENTRALE DI MALPENSA,Italy,45.6300625,8.7255307
TROIA 3 E 4,Italy,41.87194,12.56738
MONTEMURRO 1/2,Italy,40.29716579999999,15.9916241
San Giovanni Wind Farm,Italy,41.87194,12.56738
ENIPOWER FERRERA ERBOGNONE,Italy,45.0994709,8.8648838
LA STANGA,Italy,44.5123978,11.1990412
PRIOLO C.LE,Italy,37.15785839999999,15.1837006
MARCELLINARA,Italy,38.9283997,16.4950131
Elce,Italy,43.11671,12.3793231
PIANACCE,Italy,43.6374113,12.6987903
BIOVENTO,Italy,41.87194,12.56738
ASCOLI PORTA ROMANA,Italy,42.8535259,13.5617683
SARLUX,Italy,39.10376420000001,9.0063403
TROINA,Italy,37.7847915,14.6000721
PRATI DI VIZZE,Italy,46.8998845,11.4620574
MIRAFIORI NORD,Italy,45.042482,7.626857999999999
POLIMERI EUROPA,Italy,41.87194,12.56738
MALGA CIAPELA,Italy,46.4270374,11.9115913
Centrale Elettrica Manfredonia Paglia,Italy,41.6307347,15.9165105
SAVIGNANO,Italy,44.0936826,12.4007392
NERA MONTORO,Italy,42.4983757,12.4738871
C.LE EOLICA PIETRAMONTECORVINO,Italy,41.5432306,15.1316634
ROSEN,Italy,41.87194,12.56738
VOGHERA,Italy,44.99165989999999,9.0120442
FRANZI,Italy,41.87194,12.56738
DUINO,Italy,45.7753929,13.6026211
GROSOTTO,Italy,46.2799378,10.2585294
SALEMI,Italy,37.8189673,12.798878
PARCO EOLICO DI PRIZZI E CORLEONE,Italy,37.8138168,13.298785
Lacedonia,Italy,41.0499933,15.4210652
MUCONE 1S,Italy,39.3821133,16.5201084
Parco eolico di Ricigliano,Italy,40.6675197,15.479528
Impianto eolico di Portoscuso,Italy,39.2066208,8.3791741
BRUNICO,Italy,46.7968371,11.9402491
ENIPOWER MANTOVA,Italy,45.1502642,10.8349157
CAPODIPONTE,Italy,46.029861,10.3466388
ENNA,Italy,37.5676498,14.2798573
PONTE FELICE,Italy,43.5881134,13.319206
SAN GREGORIO MAGNO,Italy,40.6594786,15.4031252
TERMOUTILIZZATORE,Italy,41.87194,12.56738
Parco eolico La Rucola-Pierno,Italy,40.792908,15.6047834
IVPC FOIANO,Italy,40.91656,14.7975097
MONASTERO,Italy,46.1819715,9.7098339
SARENTINO,Italy,46.6412136,11.3541082
CONTRADA COLLA,Italy,37.6976632,14.6142879
TOPPA,Italy,41.87194,12.56738
ORTE,Italy,42.4574411,12.3869837
CHAMPAGNE2,Italy,41.87194,12.56738
BOLOGNANO,Italy,42.2179013,13.9608914
CREVOLA T.,Italy,45.80513699999999,8.256579
I COLORI DEL VENTO,Italy,41.87194,12.56738
CIMEGO 2-MURANDIN,Italy,45.9117544,10.6134314
Mazara del Vallo,Italy,37.6550933,12.5899615
TORREVAL.NORD,Italy,41.87194,12.56738
SANFRONT,Italy,44.6489775,7.317971200000001
Schiavi Fonte Gelata IR2,Italy,41.87194,12.56738
Bonorva,Italy,40.4168517,8.7688864
TRAPANI C.LE,Italy,38.0173505,12.5365171
ROSONE,Italy,45.4307948,7.433860099999999
NUOVA SASSO,Italy,45.07786249999999,7.716156900000001
CTE DEL MINCIO,Italy,45.25484776416316,10.82133598587608
CONTRASTO C.LE,Italy,41.87194,12.56738
NUOVA LAGO,Italy,41.87194,12.56738
ORDONA VALLE SCODELLA,Italy,41.3144165,15.6266448
CTE NUCE NORD,Italy,41.87194,12.56738
PITAGORA,Italy,46.2226052,12.7679878
San Marco in Lamis,Italy,41.7124428,15.6380651
Fiume Santo 2,Italy,40.80119884475788,8.26131588442781
IMPIANTO EOLICO DI MARINEO,Italy,37.9538844,13.4189957
DISTER COGENERAZIONE,Italy,44.3313149,11.9123308
PARCO EOLICO CASTELNUOVO DELLA DAUNIA,Italy,41.5840451,15.1204157
TELESSIO,Italy,39.39871540000001,16.2187523
PARCO EOLICO DI MAZARA DEL VALLO,Italy,37.6477388,12.6970809
PE LE CANNELLA,Italy,38.94357309999999,17.1462366
REA DALMINE,Italy,45.6341481,9.6080645
LAPPAGO,Italy,46.9178778,11.8039459
GRAVEDONA,Italy,46.1420812,9.304326999999999
PIZZONE,Italy,41.6750756,14.0368454
PARCO EOLICO DI PALERMO,Italy,38.11569,13.3614868
PAI - Polo Ambientale Integrato ,Italy,45.653771,10.7224247
COSCILE 1S,Italy,39.6867661450046,16.31111977062115
CREVA,Italy,45.9950115,8.7567682
GIRIFALCO,Italy,38.8240653,16.4209345
Parco La Rocca,Italy,44.8962058,7.9629758
CENTRALE COGENERAZIONE Z.I.,Italy,41.87194,12.56738
FLUMENDOSA 2,Italy,38.9716291,8.9741544
VADO TERM.,Italy,41.87194,12.56738
Fattoria Eolica di Santa Luce,Italy,43.4726689,10.5649492
NURRI,Italy,39.7091551,9.2305519
VENINA,Italy,45.4040653,9.1568694
CIMENA,Italy,45.167037,7.8580729
PAISCO,Italy,46.067035,10.2327562
VIZZINI ,Italy,37.1613188,14.7488678
ALISEA,Italy,45.5861656,11.5347061
TANAGRO,Italy,40.414794405866,15.4655636030605
CROTONE 2,Italy,39.0807932,17.1271102
PORTO EMPEDOCLE C.LE,Italy,37.2881801,13.5271724
NUOVA LARDERELLO,Italy,43.2383151,10.8867808
CHIEVO,Italy,45.4626127,10.9149339
FUSINA T.,Italy,45.4193759,12.256168
MONTEFALCONE,Italy,42.98860200000001,13.4583602
ST. CLAIR,Italy,41.87194,12.56738
CALORE,Italy,41.87194,12.56738
AMBIENTE,Italy,41.87194,12.56738
Impianto di generazione elettrica da lignina,Italy,41.87194,12.56738
Masseria Bizzarro,Italy,41.87194,12.56738
QUINCINETTO 2,Italy,45.5624124,7.805288399999999
PIANCASTAGNAIO 3,Italy,42.8500321,11.6866772
Nebrodi Nord,Italy,37.9290063,14.6779267
Simeri Crichi eolico,Italy,38.9548318,16.6403197
CANEVA,Italy,45.9681261,12.4480132
RICIGLIANO,Italy,40.6675197,15.479528
VENAUS,Italy,45.1511575,7.0170676
PARCO EOLICO REGALBUTO,Italy,37.6500078,14.6402566
GROTTOLE 18MW,Italy,40.5977146,16.3875583
GRECI-MONTAGUTO,Italy,41.2496359,15.2481372
VOLTURARA,Italy,40.8802445,14.9180629
Pietragalla Eolico,Italy,40.7585569,15.8525154
COGENERAZIONE ELYO PRESSO MICHELIN CUNEO,Italy,44.4347419,7.564826000000001
PORTOTORRE,Italy,40.8333682,8.402292899999999
PONTE MORASCO,Italy,44.8943453,9.3487149
TORVISCOSA,Italy,45.8292352,13.2627729
FONTANA BIANCA,Italy,36.9650012,15.214895
ISE PIOMBINO CET3,Italy,42.9256335,10.5258891
SAN FLORO - CARAFFA 2,Italy,38.8372998,16.5181168
Guardia,Italy,45.578107,10.697794
CORDENONS,Italy,45.9858407,12.7035513
FURLO,Italy,43.6380622,12.7131791
MONTJOVET,Italy,45.7064732,7.6748784
GEROSA,Italy,45.8505191,9.575858199999999
PORTOFERRAIO,Italy,42.8108565,10.3211801
TALORO1,Italy,41.87194,12.56738
Gravina NE,Italy,40.8171447,16.418512
ORSARA,Italy,41.2781889,15.2667356
PRESENZANO,Italy,41.375996,14.0779726
CALCINERE,Italy,44.6882238,7.233116099999999
NUOVO PIGNONE MS,Italy,44.0389274,10.0606402
ETA SPA,Italy,45.8470378,9.2575153
Lavello,Italy,41.0482276,15.7886489
SERRACAPRIOLA,Italy,41.8085917,15.1599009
MUSCHIOSO,Italy,44.2788483,10.5227563
Oppido Lucano,Italy,40.76485720000001,15.9910159
MEGASOL 13,Italy,41.87194,12.56738
Eolico Tursi e Colobraro,Italy,40.1864158,16.4268543
QUERO,Italy,45.9223593,11.9304726
BRAULIO,Italy,41.87194,12.56738
S. Domenica,Italy,38.6639633,15.8648916
C.W.F.ITALIA,Italy,45.506699,9.1680423
IGES,Italy,41.87194,12.56738
NOVEL,Italy,41.87194,12.56738
PUCCINI_13.360,Italy,41.87194,12.56738
TRAVALE 3,Italy,43.1676323,11.0069318
IMPIANTO DI TERMOVALORIZZAZIONE RIFIUTI DI TREZZO SULL'ADDA,Italy,45.6105975,9.5156844
Fotovoltaico Enersol,Italy,41.87194,12.56738
FAMAGOSTA,Italy,35.1149116,33.919245
MOLINE,Italy,44.8793362,9.267003599999999
S.FOCA,Italy,40.3020255,18.4036362
MILAZZO,Italy,38.2207102,15.2419327
CARBOLI 1,Italy,43.1323218,10.8164794
FADALTO,Italy,46.0714347,12.3411223
MUCONE 2S,Italy,39.3821133,16.5201084
PIANCASTAGNAIO 4,Italy,42.8500321,11.6866772
VIZZINI,Italy,37.1613188,14.7488678
ENERGONUT SPA,Italy,41.87194,12.56738
PIEDIMULERA,Italy,46.0211051,8.2573677
SANTA NINFA,Italy,37.7719947,12.8791253
FLORINAS,Italy,40.6489714,8.660949800000001
MONTELUNGO,Italy,44.4480027,9.908643099999999
RENDE ECOSESTO,Italy,39.373394,16.2391071
COTILIA,Italy,42.3765768,12.9979221
GARGANO 1,Italy,41.87194,12.56738
BROSSASCO,Italy,44.5699208,7.362781699999998
HONE1,Italy,45.61212250000001,7.736857100000001
"Parco Eolico ""Poggio Malconsiglio""",Italy,43.3995598,10.6198311
TORREVALDALIGA,Italy,42.1232658,11.7644896
LARINO TG,Italy,41.8051553,14.9191123
IVPC4 ROSETO,Italy,42.6751898,14.0160161
LANA,Italy,46.6115909,11.1629537
PONTE GARDENA ENEL PROD,Italy,46.595641,11.5305295
IVPC4 BISACCIA,Italy,41.0153354,15.3758878
Rezzalasco,Italy,46.3489941,10.3517016
MONTE NARBONE,Italy,41.87194,12.56738
IVPC MONTEFALCONE,Italy,42.98860200000001,13.4583602
Parco eolico di Campagna,Italy,41.87194,12.56738
QUARTNUS,Italy,41.87194,12.56738
CARLENTINI-B,Italy,37.2698234,15.014569
RIPABOTTONI,Italy,41.6901577,14.8090717
COGHINAS,Italy,40.91977098184851,8.852143410537453
TIRSO1S,Italy,39.91227662134835,8.610603823826304
CAIRO MONTENOTTE,Italy,44.4008071,8.2732695
SERRACAPRIOLA 2,Italy,41.8085917,15.1599009
PEPIZZA,Italy,41.87194,12.56738
TOR DI VALLE,Italy,41.8233542,12.4294608
WTE2,Italy,41.87194,12.56738
Impianto di Termovalorizzazione dei rifiuti della Prov.di TO,Italy,45.063299,7.669289
BOFFETTO,Italy,46.1615346,9.9527383
ISOLA PALANZANO,Italy,44.432466,10.1710261
VALLESACCARDA 1,Italy,41.0650449,15.2549367
NIC,Italy,41.87194,12.56738
CENTRALE NATURNO,Italy,46.6502423,11.008112
MATESE 1S,Italy,41.3551823,14.3707386
PONTE GARDENA,Italy,46.595641,11.5305295
HYDRO ELECTRIQUE CLAVALITE,Italy,41.87194,12.56738
CENTRALE DI SCANDALE,Italy,39.123897,16.9588336
NAZZANO,Italy,42.2298563,12.5960617
Wind Farm Melfi2,Italy,40.9933137,15.6531089
SOSPIROLO,Italy,46.1429856,12.0738993
CETO,Italy,46.0022944,10.3516251
NUOVA CASTELNUOVO,Italy,46.0519097,11.4941326
ISOLA,Italy,41.87194,12.56738
PERRERES,Italy,45.9105997,7.614667000000001
VILLA,Italy,41.87194,12.56738
BAGNORE 4,Italy,42.8407345,11.5572792
PEZZA DEL TESORO 16MW,Italy,41.87194,12.56738
SAN GAVINO - PABILLONIS,Italy,39.5957653,8.7186359
SUIO,Italy,41.29492820000001,13.8509732
SENDREN,Italy,41.87194,12.56738
CAMPOMAGGIORE,Italy,40.5647688,16.0704107
CENTRALE ELETTRICA A BIOMASSA DI SERRAMANNA,Italy,39.42251359999999,8.921749
PIOMBINO,Italy,42.9256335,10.5258891
TROIA CANCARRO,Italy,41.3402776,15.2602387
ALBAPOWER SPA,Italy,44.7034132,8.026922899999999
AVISE,Italy,45.7086376,7.139643800000001
CENTRO OLIO VAL D'AGRI,Italy,40.3140247,15.8980751
PIETRAFITTA,Italy,39.2617695,16.3406015
DELICETO TORRETTA,Italy,41.2230168,15.3861953
CHIUSDINO 1,Italy,43.1553899,11.0884721
FIUMESANTO,Italy,40.80119884475788,8.26131588442781
RONCOVALGRANDE,Italy,46.0693651,8.732415999999999
CENTRALE S.COLOMBANO,Italy,41.87194,12.56738
NUOVA SERRAZZANO,Italy,43.219023,10.8118457
TENARIS DALMINE S.P.A.,Italy,45.6446067,9.605020099999999
Verdi_13.030,Italy,41.87194,12.56738
CIMEGO,Italy,45.9117544,10.6134314
PIANO DELLA CAPRIA 20MW,Italy,43.0377826,9.818073199999999
EOS 4   FAETO,Italy,41.3233966,15.1626884
ISOLA SERAFINI,Italy,45.0929,9.9048
SAN GIACOMO,Italy,42.8000634,13.5719932
Buddusò e Alà dei Sardi,Italy,40.5770405,9.255043500000001
LASA,Italy,46.6198875,10.6947782
TERMOVALORIZZATORE DI ACERRA,Italy,40.9788824,14.3828535
Arlena Eolico ,Italy,42.4613097,11.8150573
EVERFALESIA,Italy,41.87194,12.56738
III SALTO,Italy,41.87194,12.56738
MONTECALVELLO,Italy,42.5484176,12.2096566
M.DI TURES,Italy,41.87194,12.56738
PEDESINA,Italy,46.0820044,9.5502985
Matos,Italy,41.87194,12.56738
Monteverde ,Italy,40.9999737,15.5347669
NUOVA GABBRO,Italy,43.481447,10.4442658
ARSIE',Italy,45.9783128,11.7434562
CAFFARO 2,Italy,46.0474262,10.9516659
SPEZIA CENTR,Italy,44.1024504,9.824082599999999
T.ENERGY,Italy,41.87194,12.56738
CAORIA,Italy,46.1921708,11.6843358
PARCO EOLICO DI ULASSAI,Italy,39.8111464,9.4995256
JASMINE,Italy,41.87194,12.56738
C.LE HERA FORLÌ BAGNOLO,Italy,44.2227398,12.0407312
SPIGNO CEN,Italy,41.3266062,13.6941672
MINEO-MILITELLO,Italy,37.2739615,14.7882798
GOGLIO DEVERO,Italy,46.2887525,8.2750592
MINERVINO MURGE - CONTRADA IAMBRENGHI,Italy,41.0856165,16.0773816
MONTAGUTO,Italy,41.2496359,15.2481372
RETE 2,Italy,41.87194,12.56738
SERRA MARROCCO,Italy,37.947799,12.7435996
TERMOVALORIZZATORE FOCI,Italy,41.87194,12.56738
NUOVA SOLMINE,Italy,42.925658,10.79617
COGE. CENTRO CITTA',Italy,41.87194,12.56738
ANDONNO C.,Italy,44.2952993,7.429002999999999
UNIGRÀ CONSELICE,Italy,44.5347225,11.8607701
CIVIDATE,Italy,45.9444587,10.2791907
NEMBIA,Italy,46.100806,10.937162
GTG101/GTG501,Italy,41.87194,12.56738
GALLICANO,Italy,44.062227,10.4387128
Vaglio Ampliamento,Italy,41.87194,12.56738
ALBANO,Italy,41.7284572,12.6589426
IVPC ANZANO,Italy,40.91656,14.7975097
PAGANINI_13830,Italy,41.87194,12.56738
Laterza Wind_Farm,Italy,40.6249441,16.798088
IMPIANTO EOLICO ASCOLI SATRIANO,Italy,41.2033413,15.5627449
ASSEMINI,Italy,39.2106099,9.0018424
PATERNO' C.LE,Italy,39.2271425,16.2641018
CASTELLANETA,Italy,40.62804180000001,16.9397385
SUVIANA ,Italy,44.137189,11.0365306
ANAPO C.LE,Italy,37.0550188,15.2648005
Ginestra degli Schiavoni,Italy,41.277273,15.0498966
URURI,Italy,41.8160988,15.0141093
CONTRADA CORVO - COZZO MITURRO,Italy,45.1924024,8.6118743
CASTEL GIUBILEO,Italy,41.9873147,12.5054259
TEGLIA,Italy,44.3900165,8.524729599999999
Troia,Italy,41.3597802,15.3081141
Tolve Parco,Italy,40.6959323,16.0188843
MORASCO,Italy,44.8943453,9.3487149
SAN LAZZARO,Italy,44.4689738,11.4218161
Impianto Cerreto,Italy,44.4241574,10.3627725
PRECI,Italy,42.8806639,13.0396385
REGOLEDO,Italy,46.02700309999999,9.296623799999999
PONT ST. MARTIN,Italy,45.594928,7.798356999999999
S.ANTONIO,Italy,45.8017299,13.4007579
CHIAVENNA,Italy,46.3271725,9.401207099999999
PONTE MARM,Italy,45.5210592,11.0429934
Cancellara,Italy,40.7206344,15.9112424
CABOT RAVENNA CTE1,Italy,44.4184443,12.2035998
GUARNIERI,Italy,41.87194,12.56738
FORLETONUOVO2,Italy,38.4661969,16.0662654
SERRA DEL VENTO SUD,Italy,40.5625825,15.4068079
CENTRALE DI TURANO LODIGIANO - BERTONICO (LO),Italy,45.24882540000001,9.6228049
CUCCHINADORZA,Italy,40.1356988,9.1292567
CENTRALE DI COGENERAZIONE AEROPORTO FIUMICINO,Italy,41.8034274,12.2518928
ANDRETTA 22MW,Italy,40.9403631,15.3270223
FLUMENDOSA 3,Italy,38.9716291,8.9741544
NUOVA RADICONDOLI,Italy,43.261087,11.0404226
ENIPOWER BRINDISI,Italy,40.6279703,18.003723
CENTRALE TERMOELETTRICA,Italy,45.4021972,10.7154864
SERRA CARPANETO 3,Italy,41.87194,12.56738
Tioxide Europe Scarlino,Italy,42.9196838,10.8003401
VOBARNO,Italy,45.6424642,10.5005307
GINESTRA,Italy,40.9304388,15.729718
PONT,Italy,46.037207,11.9717435
RIPACANDIDA,Italy,40.9120331,15.7212957
AGRI,Italy,40.4164463,15.7386013
CARLUVA 16MW,Italy,41.87194,12.56738
BARGI CENTRALE,Italy,44.1260632,11.0588536
IMPIANTO EOLICO SCAMPITELLA,Italy,41.0911341,15.2998521
GISSI,Italy,42.019191,14.544392
RTEC2-2,Latvia,56.879635,24.603189
RTEC1,Latvia,56.879635,24.603189
Kegums HPP,Latvia,56.7400859,24.7103977
RTEC2-1,Latvia,56.879635,24.603189
Plavinas HPP,Latvia,56.5833457,25.2399496
Riga HPP,Latvia,56.8513974,24.272027
Lietuvos elektrine,Lithuania,55.169438,23.881275
KaunoTE,Lithuania,55.169438,23.881275
VEJO,Lithuania,55.169438,23.881275
KruonioHAE,Lithuania,54.79927499999999,24.2474133
VilniausE3,Lithuania,54.6775962,25.0794299
Mazeikiu elektrine,Lithuania,55.169438,23.881275
KaunoHE,Lithuania,54.8553,24.1856
TE_Pljevlja,,43.3345352,19.3277008
VE KRNOVO,,42.8837347,19.0945942
GRAI-G,United Kingdom,51.597069,-3.3434132
OLDS,United Kingdom,55.378051,-3.435973
DNGB,United Kingdom,55.378051,-3.435973
DRAXXG,United Kingdom,55.378051,-3.435973
CLDNW,United Kingdom,55.378051,-3.435973
FDUNT,United Kingdom,53.248236,-3.13577
GRMO,United Kingdom,55.378051,-3.435973
COTPS,United Kingdom,55.378051,-3.435973
GRIFW,United Kingdom,55.378051,-3.435973
BNAKW,United Kingdom,55.378051,-3.435973
SROM,United Kingdom,55.378051,-3.435973
BRDUW,United Kingdom,55.378051,-3.435973
CAIRB,United Kingdom,51.08848649999999,-4.0698636
WBUGT,United Kingdom,55.378051,-3.435973
SHRSW,United Kingdom,53.5831442,-2.0953755
LITT-G,United Kingdom,55.378051,-3.435973
SUTB,United Kingdom,55.378051,-3.435973
RUGPS,United Kingdom,55.378051,-3.435973
INAW,United Kingdom,55.378051,-3.435973
MRWD,United Kingdom,55.378051,-3.435973
WBUPS,United Kingdom,55.378051,-3.435973
HYWDW,United Kingdom,55.378051,-3.435973
WTMSO,United Kingdom,55.378051,-3.435973
WLNYW,United Kingdom,55.378051,-3.435973
HRTL,United Kingdom,55.378051,-3.435973
NANT,United Kingdom,55.378051,-3.435973
DAMC,United Kingdom,55.378051,-3.435973
DIDCGT,United Kingdom,51.60804400000001,-1.24484
SHIN,United Kingdom,55.378051,-3.435973
CRUA,United Kingdom,55.378051,-3.435973
ROCK,United Kingdom,50.5447692,-4.9135924
MINSW,United Kingdom,55.378051,-3.435973
CNQPS,United Kingdom,55.378051,-3.435973
CASS,United Kingdom,51.5220735,-0.08998819999999999
ANSUW,United Kingdom,55.378051,-3.435973
GRAI,United Kingdom,55.378051,-3.435973
CDCL,United Kingdom,55.378051,-3.435973
FIDL,United Kingdom,55.378051,-3.435973
RYHPS,United Kingdom,55.378051,-3.435973
GLNDO,United Kingdom,54.7988199,-5.830310100000001
LITT-D,United Kingdom,55.378051,-3.435973
SVRP,United Kingdom,55.378051,-3.435973
RMPNO,United Kingdom,55.378051,-3.435973
HMGTO,United Kingdom,55.378051,-3.435973
GAUR,United Kingdom,55.378051,-3.435973
EARBW,United Kingdom,55.378051,-3.435973
ERRO,United Kingdom,55.378051,-3.435973
DRAXX,United Kingdom,53.7291643,-0.9771491999999999
TSREP,United Kingdom,55.378051,-3.435973
MILWW,United Kingdom,55.378051,-3.435973
MDHLW,United Kingdom,55.378051,-3.435973
KILNS,United Kingdom,55.378051,-3.435973
DERW,United Kingdom,55.378051,-3.435973
FASN,United Kingdom,55.378051,-3.435973
FALGW,United Kingdom,55.378051,-3.435973
FINL,United Kingdom,55.378051,-3.435973
RREW,United Kingdom,55.378051,-3.435973
EGGPS,United Kingdom,55.378051,-3.435973
PETE,United Kingdom,55.378051,-3.435973
WLNYW3,United Kingdom,51.5120752,-0.2675725
WDNSW,United Kingdom,55.378051,-3.435973
HUMR,United Kingdom,55.66544099999999,-2.466722
WLNYW4,United Kingdom,51.4565917,-0.3819417000000001
LARYW,United Kingdom,55.378051,-3.435973
RATSGT,United Kingdom,51.335545,1.419895
CRGHW,United Kingdom,55.378051,-3.435973
WDNSO,United Kingdom,51.48034209999999,-0.6157136999999999
MARK,United Kingdom,55.378051,-3.435973
HEYM2,United Kingdom,55.378051,-3.435973
GYAR,United Kingdom,55.378051,-3.435973
MEDP,United Kingdom,55.378051,-3.435973
HEYM1,United Kingdom,52.615089,-1.2025751
LOCG,United Kingdom,55.378051,-3.435973
SHBA,United Kingdom,55.378051,-3.435973
STVE,United Kingdom,55.378051,-3.435973
EECL,United Kingdom,55.378051,-3.435973
DEEP,United Kingdom,55.378051,-3.435973
HINB,United Kingdom,55.378051,-3.435973
CACLU,United Kingdom,55.378051,-3.435973
CLDSW,United Kingdom,55.378051,-3.435973
CAIRW,United Kingdom,55.378051,-3.435973
Thanet,United Kingdom,51.3602516,1.3484663
BRGG,United Kingdom,53.55184999999999,-0.491887
SIZB,United Kingdom,55.378051,-3.435973
FERR,United Kingdom,55.378051,-3.435973
RUGGT,United Kingdom,55.378051,-3.435973
WYLF,United Kingdom,55.378051,-3.435973
LCLTW,United Kingdom,55.378051,-3.435973
LAGA,United Kingdom,56.680208,-5.869180999999999
LBAR,United Kingdom,55.378051,-3.435973
BRYBW,United Kingdom,55.378051,-3.435973
BARKB,United Kingdom,52.6825382,-1.0603381
FAWN,United Kingdom,55.378051,-3.435973
CABEU,United Kingdom,55.378051,-3.435973
SEAB,United Kingdom,51.51565489999999,-0.0800375
RATS,United Kingdom,55.378051,-3.435973
RCBKO,United Kingdom,55.378051,-3.435973
GYMRW,United Kingdom,55.378051,-3.435973
SCCL,United Kingdom,55.378051,-3.435973
KILBW,United Kingdom,55.378051,-3.435973
EDINW,United Kingdom,55.378051,-3.435973
WHILW,United Kingdom,55.378051,-3.435973
RHYFW,United Kingdom,55.378051,-3.435973
RRWW,United Kingdom,55.378051,-3.435973
GRGBW,United Kingdom,55.378051,-3.435973
HRSTW,United Kingdom,55.378051,-3.435973
BAGE,United Kingdom,52.082518,-3.024862
GDSTW,United Kingdom,55.378051,-3.435973
NHOYW,United Kingdom,55.378051,-3.435973
LNMTH,United Kingdom,55.378051,-3.435973
COWE,United Kingdom,50.7627832,-1.3004937
CAKIL,United Kingdom,55.378051,-3.435973
CAMOR,United Kingdom,55.9386672,-3.0599126
CRYRW,United Kingdom,55.378051,-3.435973
PEMB,United Kingdom,51.67624559999999,-4.918369999999999
CLAC,United Kingdom,55.378051,-3.435973
GORDW,United Kingdom,55.378051,-3.435973
ABTHGT,United Kingdom,55.9024,-3.643118
SLOY,United Kingdom,55.378051,-3.435973
STAY,United Kingdom,55.378051,-3.435973
GNFSW,United Kingdom,55.378051,-3.435973
CORB,United Kingdom,52.49229829999999,-0.6842332999999999
TORN,United Kingdom,55.378051,-3.435973
FFES,United Kingdom,55.378051,-3.435973
BABAW,United Kingdom,55.378051,-3.435973
DALSW,United Kingdom,55.378051,-3.435973
CLDCW,United Kingdom,55.378051,-3.435973
FERR-G,United Kingdom,55.378051,-3.435973
CRYRB,United Kingdom,55.378051,-3.435973
TANGW,United Kingdom,55.378051,-3.435973
IRNPS,United Kingdom,55.378051,-3.435973
USKM,United Kingdom,55.378051,-3.435973
HUNB,United Kingdom,55.378051,-3.435973
SFIL,United Kingdom,55.378051,-3.435973
GRAIN,United Kingdom,51.46026269999999,0.7194676
KEAD,United Kingdom,54.2485059,-6.705043099999999
DRDGW,United Kingdom,55.378051,-3.435973
LBAR-G,United Kingdom,55.378051,-3.435973
SHOS,United Kingdom,55.378051,-3.435973
BRYP,United Kingdom,55.378051,-3.435973
FAARW,United Kingdom,55.378051,-3.435973
FOYE,United Kingdom,50.33499,-4.636525
TULWB,United Kingdom,55.378051,-3.435973
PEHE,United Kingdom,55.378051,-3.435973
ARCHW,United Kingdom,51.5648883,-0.1323808
DEUCW,United Kingdom,55.378051,-3.435973
GFLDW,United Kingdom,55.378051,-3.435973
TUMB,United Kingdom,51.788264,-4.118683
LNCSW,United Kingdom,55.378051,-3.435973
ROOS,United Kingdom,53.754456,-0.043626
ABTHB,United Kingdom,55.378051,-3.435973
SPLN,United Kingdom,55.378051,-3.435973
GRUB,United Kingdom,53.4915324,-2.2379927
CACON,United Kingdom,55.378051,-3.435973
INDQ,United Kingdom,55.378051,-3.435973
SHBAB,United Kingdom,55.378051,-3.435973
KEADGT,United Kingdom,53.8007554,-1.5490774
PAUHW,United Kingdom,55.378051,-3.435973
STCR,United Kingdom,55.378051,-3.435973
RANN,United Kingdom,53.716339,-2.431969
KLGLW,United Kingdom,55.378051,-3.435973
BOWLW,United Kingdom,55.378051,-3.435973
NOVAW,United Kingdom,55.378051,-3.435973
BOYNW,United Kingdom,55.378051,-3.435973
TAYL-G,United Kingdom,55.378051,-3.435973
SANDW,United Kingdom,51.274017,1.337427
BRBEO,United Kingdom,55.378051,-3.435973
DIDCB,United Kingdom,55.378051,-3.435973
Pen Y Cymoedd,United Kingdom,51.6982133,-3.4183515
HADHW,United Kingdom,55.378051,-3.435973
CAGAR,United Kingdom,55.378051,-3.435973
HLTWW,United Kingdom,55.378051,-3.435973
GLOFW,United Kingdom,55.378051,-3.435973
KILLPG,United Kingdom,55.378051,-3.435973
CAUSW,United Kingdom,55.378051,-3.435973
LAIG,United Kingdom,56.9110931,-6.162624099999999
FIDL-G,United Kingdom,55.378051,-3.435973
CARR,United Kingdom,55.378051,-3.435973
BLLA,United Kingdom,55.15717,-6.630879999999999
TDBNW,United Kingdom,55.378051,-3.435973
STLGW,United Kingdom,55.378051,-3.435973
WBURB,United Kingdom,55.378051,-3.435973
FELL,United Kingdom,55.378051,-3.435973
BHLAW,United Kingdom,55.378051,-3.435973
DDGNO,United Kingdom,55.378051,-3.435973
COSO,United Kingdom,55.378051,-3.435973
BURBW,United Kingdom,55.378051,-3.435973
LOAN,United Kingdom,55.378051,-3.435973
DINO,United Kingdom,55.378051,-3.435973
Ormonde,United Kingdom,53.1969463,-2.8832624
RSHLW,United Kingdom,55.378051,-3.435973
Maasvlakte,Netherlands,51.96327890000001,4.031126
RoCa,Netherlands,52.132633,5.291265999999999
Borssele 30,Netherlands,51.4256645,3.733669699999999
Westermeerwind,Netherlands,52.132633,5.291265999999999
Enecogen,Netherlands,51.9578469,4.0936787
Pergen 1,Netherlands,52.132633,5.291265999999999
Pergen 2,Netherlands,52.132633,5.291265999999999
Eems 20,Netherlands,53.09546899999999,6.8547271
Sloecentrale 10,Netherlands,51.4478685,3.6926842
NAM Schoonebeek,Netherlands,52.6626006,6.883838799999999
Centrale Merwedekanaal 12,Netherlands,52.1017074,5.078591800000001
Elsta,Netherlands,51.9192887,5.8473619
Westereems,Netherlands,53.25449380000001,6.0307255
Centrale Lage Weide,Netherlands,52.1025619,5.0709518
Bergum 20,Netherlands,53.1936901,5.9913642
Eems 3,Netherlands,53.0947924,6.8540661
Eemshaven,Netherlands,53.4385887,6.8354937
Diemen,Netherlands,52.3389926,4.9591888
Velsen,Netherlands,52.4520591,4.630587
Hemweg,Netherlands,52.4033984,4.8446542
Eems 7,Netherlands,53.0948208,6.853947600000001
Eems 6,Netherlands,53.0992338,6.0744624
Eems 5,Netherlands,53.0948111,6.854006999999999
Eems 4,Netherlands,53.099253,6.0747002
Bergum 10,Netherlands,53.1936901,5.9913642
Maastroom Energie CV,Netherlands,51.89040809999999,4.352074
Windpark Gemini,Netherlands,52.132633,5.291265999999999
NLROTTETH__1,Netherlands,52.132633,5.291265999999999
Den Haag,Netherlands,52.0704978,4.3006999
Amer,Netherlands,51.72292837378857,4.755657848499246
FLEVO 4,Netherlands,53.1023722,6.071047399999999
FLEVO 5,Netherlands,53.1023647,6.0716167
Sloecentrale 20,Netherlands,51.4478685,3.6926842
Prinses Alexia Windpark,Netherlands,52.132633,5.291265999999999
Rijnmond,Netherlands,51.873295,4.3866253
OWEZ,Netherlands,52.132633,5.291265999999999
Moerdijk,Netherlands,51.70181669999999,4.6273499
Eemshaven ,Netherlands,53.4385887,6.8354937
Claus,Netherlands,52.132633,5.291265999999999
Delesto 2,Netherlands,53.3192768,6.944221199999999
Swentibold,Netherlands,52.132633,5.291265999999999
Solberg2,Norway,59.628425,10.667302
Solberg1,Norway,59.628425,10.667302
Rendal 2,Norway,61.69608880000001,11.1962445
Torpa,Norway,61.0127981,9.9187853
Vamma,Norway,59.5400758,11.1735562
F.K.F,Norway,60.47202399999999,8.468945999999999
Nedre Vinstra,Norway,61.50297219999999,9.4047778
Ovre Vinstra,Norway,61.48258480000001,9.3148425
Hylen,Norway,60.47202399999999,8.468945999999999
Finndola,Norway,60.87735859999999,8.5267276
Kvilldal,Norway,59.5150956,6.6375272
Lysebotn,Norway,59.05540670000001,6.6485299
Songa,Norway,58.6853978,9.004412
Solhom,Norway,58.7684392,7.0201597
Tjorhom,Norway,58.8885747,6.8519783
Tjodan,Norway,59.04846959999999,6.6476093
Tonstad,Norway,58.66263079999999,6.716948299999999
Tokke,Norway,59.4756002,7.707171499999999
Brokke,Norway,59.0943086,7.4490846
Mar,Norway,60.47202399999999,8.468945999999999
Oksla,Norway,62.4762258,6.1782559
Steinsfoss,Norway,60.47202399999999,8.468945999999999
Hjartdola,Norway,59.6093043,8.7971377
Naturkraft CCPP,Norway,60.47202399999999,8.468945999999999
Sonna,Norway,63.4387116,11.2613466
Vemork,Norway,59.88104999999999,8.496001999999999
Blafal.3,Norway,60.47202399999999,8.468945999999999
Roldal,Norway,59.832353,6.821085399999999
Skjerka,Norway,58.67478278368714,7.301850368021498
Saheim,Norway,59.87643479999999,8.591738
Blafal.V,Norway,60.47202399999999,8.468945999999999
Holen,Norway,59.5437617,10.7453115
Duge,Norway,60.47202399999999,8.468945999999999
Sundsbarm,Norway,59.4975378,8.6344052
Suldal 2,Norway,59.5715437,6.8164381
Suldal 1,Norway,59.64915999999999,6.818791
Tysso 2,Norway,60.0691638,6.5463659
Ana-Sira,Norway,58.2924889,6.440261100000001
Saurdal,Norway,59.48238560000001,6.672740399999999
Vinje,Norway,59.88997200000001,7.764775599999999
Askara,Norway,60.47202399999999,8.468945999999999
Roan Vindpark,Norway,60.47202399999999,8.468945999999999
RKA Nyhamna,Norway,62.84792119999999,6.9586944
Grytten Kraftver,Norway,60.47202399999999,8.468945999999999
Trollheim,Norway,62.84999999999999,9.0833333
Nea,Norway,63.16179152972551,11.19001131998243
Aura,Norway,62.4050154,8.3944817
Oyberget,Norway,60.47202399999999,8.468945999999999
Tafjord4,Norway,62.23164689999999,7.422705499999999
Driva,Norway,62.59448808231497,8.88664939434526
TBO RKA,Norway,60.47202399999999,8.468945999999999
Bratsberg,Norway,63.3493642,10.4819594
Svartisen,Norway,66.6333333,14.0
Siso,Norway,60.47202399999999,8.468945999999999
Alta krv,Norway,69.96873760000001,23.2715496
Ovre Rossaga,Norway,66.07775297476546,13.9437542097792
Kolsvik,Norway,60.47202399999999,8.468945999999999
Kobbelv,Norway,67.5121822,15.8494042
Nedre Rossaga,Norway,66.0771317,13.81531
Melkoya,Norway,70.6893659,23.600448
Tunnsjodal,Norway,60.47202399999999,8.468945999999999
Skjomen,Norway,68.3039,17.2912
Straumsmo,Norway,68.7408102,18.6431699
Sundsfjord,Norway,66.983017,14.16907
Rana,Norway,66.4393389,14.3122323
Lomi,Norway,60.47202399999999,8.468945999999999
Nes OEK,Norway,60.15453719999999,11.4795506
Usta,Norway,60.56034333399558,8.33685864739889
Lang Sima,Norway,60.49971170000001,7.141958499999999
Svelgen,Norway,61.7685237,5.2955095
Sy-Sima,Norway,60.47202399999999,8.468945999999999
Hemsil 2,Norway,60.73848226256343,8.84260879700839
Myster,Norway,60.47202399999999,8.468945999999999
Naddvik,Norway,61.19200649999999,7.617449499999999
Steinsland,Norway,68.61775759999999,16.5821698
Matre,Norway,60.87582,5.5842319
Fortun,Norway,61.495015,7.6887068
Bjolvo,Norway,60.4245323,6.359846699999999
EVM,Norway,60.47202399999999,8.468945999999999
Hol 1,Norway,60.57177249999999,8.0578028
Evanger,Norway,60.6471996,6.1121788
Mauranger,Norway,60.12791360000001,6.3624845
Jostedal,Norway,61.7365725,7.3736438
Leirdola,Norway,61.47296060000001,7.2201296
Aurland1,Norway,60.8555629,7.182045100000001
Borgund,Norway,61.0486777,7.813564899999999
Aurland3,Norway,60.80093919999999,7.566653000000001
Aurland2,Norway,60.80403509999999,7.3800385
Tyin,Norway,61.28821920000001,8.2101109
Nore 1,Norway,60.47202399999999,8.468945999999999
Łaziska 3,Poland,51.1404319,21.865132
Porąbka Żar,Poland,49.77958,19.2120064
Łaziska 2,Poland,51.1398269,21.865188
Karolin 1,Poland,51.7307397,20.9430035
Płock,Poland,52.5463446,19.7065364
Połaniec,Poland,50.43302,21.28065
Turów,Poland,50.9946636,17.0685875
Stalowa Wola 3,Poland,50.5826005,22.053586
Gdynia 3,Poland,54.5188898,18.5305409
Jaworzno 2,Poland,51.02608,18.646089
Jaworzno 3,Poland,50.204987,19.2739314
Tychy,Poland,50.12180069999999,19.0200022
Łagisza,Poland,50.3505058,19.1406488
Zabrze,Poland,50.3249278,18.7857186
Azoty Tarnów,Poland,50.0146875,20.9207901
Żarnowiec,Poland,50.4785469,19.8627098
Żydowo,Poland,52.453899,17.590584
EC Siekierki,Poland,52.2125193,21.0730334
FW Margonin,Poland,52.9731367,17.0947488
ZA Puławy,Poland,51.45163729999999,21.9817911
Opole,Poland,50.6683223,17.9230651
Wrocław,Poland,51.1078852,17.0385376
Kraków Łęg,Poland,50.0604226,20.0250334
Katowice,Poland,50.26489189999999,19.0237815
Przyjaźń,Poland,54.3062349,18.3877875
Zofiówka,Poland,52.156389,17.110278
Jaworzno 2 JWCD,Poland,51.02608,18.646089
Karolin 2,Poland,51.73796129999999,20.9429489
EC Toruń,Poland,53.0137902,18.5984437
EC Włocławek,Poland,52.6483303,19.0677357
FW Korytnica,Poland,52.414398,21.8495997
Solina,Poland,49.3993322,22.4677303
Połaniec 2-Pasywna,Poland,50.43302,21.28065
EC Białystok,Poland,53.1509463,23.1682418
Blachownia,Poland,50.78505,18.96224
Bydgoszcz 2,Poland,53.1415191,17.9520123
Pomorzany,Poland,53.3989482,14.5339392
Chorzów,Poland,50.2974884,18.9545728
EC Rzeszów,Poland,50.06392340000001,22.028878
EC Żerań,Poland,52.2947679,20.9956111
Konin,Poland,52.2230334,18.2510729
Kozienice 1,Poland,51.5855863,21.551177
FW Darłowo,Poland,54.4210664,16.410611
FW Marszewo,Poland,51.919438,19.145136
Dolna Odra,Poland,51.919438,19.145136
Rybnik,Poland,50.1021742,18.5462847
Czechnica,Poland,51.0376432,17.1470928
Ostrołęka B,Poland,53.10464,21.613129
EW Włocławek,Poland,52.6546898,19.1330639
EC Łódź-3,Poland,51.7592485,19.4559833
Mondi Świecie,Poland,53.4008765,18.3808379
EC Łódź-4,Poland,51.7592485,19.4559833
Nowa,Poland,53.64903,18.7271078
EC Wrotków,Poland,51.2171952,22.5582839
Zakłady Chemiczne Police SA,Poland,53.5706465,14.5497384
Pątnów 2,Poland,51.1482722,18.5977955
Siersza,Poland,50.20107609999999,19.4198122
Kozienice 2,Poland,51.5855328,21.5511768
Gorzów,Poland,52.7325285,15.2369305
Skawina,Poland,49.9751815,19.8288749
Dychów,Poland,51.9863325,15.0608199
FW EGL,Poland,51.919438,19.145136
International Paper Kwidzyn,Poland,53.72635289999999,18.9323043
PKN Orlen,Poland,51.919438,19.145136
Bełchatów,Poland,51.3687535,19.3564248
EC Nowa Sarzyna,Poland,50.3159351,22.324503
Gorzów 2,Poland,52.7325285,15.2369305
Pątnów 1,Poland,51.1484332,18.5967061
FW Banie,Poland,53.075872,14.6087789
Gdańsk 2,Poland,54.35202520000001,18.6466384
Zielona Góra,Poland,51.9356214,15.5061862
Carrapatelo,Portugal,41.1124737,-8.0035946
Miranda II,Portugal,39.39987199999999,-8.224454
Valeira,Portugal,38.641932,-7.996449999999999
Crestuma,Portugal,41.062434,-8.500711599999999
Pego,Portugal,39.4617794,-8.1496242
Castelo Bode,Portugal,39.6520657,-8.2336028
T.Outeiro C.C.,Portugal,41.6828826,-6.6003745
V.Nova II(Frades),Portugal,41.6076372,-8.248219599999999
Baixo Sabor Montante,Portugal,39.39987199999999,-8.224454
Lares,Portugal,40.1267839,-8.7782562
Picote,Portugal,41.400112,-6.3704778
Cabril,Portugal,41.7137775,-8.035618399999999
Alto Lindoso,Portugal,41.8721126,-8.202874399999999
Bemposta II,Portugal,41.3077834,-6.503643299999999
Salamonde II,Portugal,41.6805327,-8.0952225
Pocinho,Portugal,41.1296104,-7.123567899999999
Frades II,Portugal,39.39987199999999,-8.224454
Bemposta,Portugal,41.3077834,-6.503643299999999
Aguieira,Portugal,40.5275422,-7.923924
Vilarinho F.,Portugal,41.3714762,-8.3321648
Miranda,Portugal,41.4995412,-6.2712311
Torrao,Portugal,38.2945393,-8.2238261
Ribatejo,Portugal,39.39987199999999,-8.224454
Pego C.C.,Portugal,39.4617794,-8.1496242
Alqueva,Portugal,38.2168409,-7.5388446
Picote II,Portugal,41.400112,-6.3704778
Sines,Portugal,37.9571555,-8.860890699999999
Fratel,Portugal,39.6274453,-7.7466778
Regua,Portugal,41.1656737,-7.7867018
Foz Tua,Portugal,41.2079001,-7.4210049
HPP Lotru,Romania,45.33678261628338,24.27281506551505
TPP Rovinari,Romania,44.90000269999999,23.1543463
TPP Brazi,Romania,44.883333,26.0
HPP Stejaru,Romania,44.7717653,28.545397
TPP Galati,Romania,45.4353208,28.0079945
WPP Stupina,Romania,44.5605322,28.1802255
NPP Cernavoda,Romania,44.3175539,28.0577087
HPP Portile de Fier II,Romania,44.3145764,22.561229
TPP Iernut,Romania,46.4507604,24.2290151
TPP Paroseni,Romania,45.3648052,23.2634416
HPP Vidraru,Romania,45.39648529999999,24.6224249
TPP Borzesti,Romania,46.2375538,26.8264364
HPP Raul Mare,Romania,45.59232642900825,22.97111392742626
HPP Bradisoru,Romania,45.35364209999999,24.0736436
HPP Tismana,Romania,45.0499296,22.9458872
TPP  Braila,Romania,45.2652463,27.9594714
TPP Bucuresti Sud,Romania,44.4267674,26.1025384
TPP CCCC Petrom Brazi,Romania,44.8735453,26.0063992
TPP Turceni,Romania,44.6645557,23.4125694
HPP Portile de Fier I,Romania,44.67137719999999,22.5286426
WPP Crucea Nord,Romania,45.943161,24.96676
HPP Ruieni,Romania,45.39008339999999,22.333759
HPP Galceag,Romania,45.943161,24.96676
TPP Govora,Romania,45.0684001,24.230907
TPP Mintia,Romania,45.9179026,22.8474798
TPP Drobeta,Romania,44.6369227,22.6597342
TPP Craiova,Romania,44.3301785,23.7948808
WPP Facaeni,Romania,44.5566026,27.8900896
TPP Progresu,Romania,44.3582285,26.4603819
TPP Bucuresti Vest,Romania,44.4267674,26.1025384
HPP Mariselu,Romania,47.0113867,24.5087897
HPP Sugag,Romania,45.7776871,23.6206131
WPP Cogealac,Romania,44.56115579999999,28.5625855
TPP Isalnita,Romania,44.3928398,23.7420435
TPP Oradea,Romania,47.04650050000001,21.9189438
WPP Fantanele,Romania,46.421745,24.7657281
WPP Pantelimon,Romania,44.4503436,26.2278065
Messaure,Sweden,66.68316,20.36386
Ligga,Sweden,66.77999729999999,19.9430221
Seitevare,Sweden,60.12816100000001,18.643501
Gallejaur,Sweden,65.1552426,19.4384573
Porsi,Sweden,66.4653427,20.6418376
Letsi,Sweden,60.12816100000001,18.643501
Bastusel,Sweden,60.12816100000001,18.643501
Laxede,Sweden,66.218548,20.857028
Porjus,Sweden,66.9592437,19.8217729
Vietas,Sweden,67.4846464,18.3564208
Harsprånget,Sweden,66.8908486,19.8362459
Ritsem,Sweden,67.7225771,17.4683965
Akkats,Sweden,66.6315443,19.8207844
Kvistforsen,Sweden,60.12816100000001,18.643501
Vargfors,Sweden,65.0178502,19.6899034
Krokströmmen ,Sweden,62.046667,14.8778633
Blaiken,Sweden,60.12816100000001,18.643501
Sällsjö,Sweden,63.23282279999999,13.6824963
Sidensjö,Sweden,63.294541,18.2985057
Järnvägsforsen,Sweden,60.12816100000001,18.643501
Korsselbränna,Sweden,64.48584140000001,15.4627631
Järpströmmen,Sweden,63.3715280501839,13.41662391679608
Olden (Oldå og Långså),Sweden,63.6961075,13.6337966
Torpshammar,Sweden,62.4755923,16.324512
Bergeforsen,Sweden,62.5253472,17.3746133
Hölleforsen,Sweden,62.9503484,16.6655273
Ögonfägnaden,Sweden,63.50000000000001,15.95
Lasele,Sweden,63.76666700000001,16.816667
Stalon,Sweden,64.9404326,15.8713456
Nämforsen,Sweden,63.45,16.95
Kilforsen,Sweden,63.5441488,16.7696282
Stornorrfors,Sweden,63.8525,20.051667
Tuggen,Sweden,60.12816100000001,18.643501
Vindpark Björkhöjden,Sweden,63.413814,16.0872715
Midskog,Sweden,63.23676560000001,15.2443093
Forsmo,Sweden,63.26451590000001,17.1823976
Stadsforsen,Sweden,62.9796527,16.6627543
Krångede,Sweden,63.14486919999999,16.1182394
Harrsele,Sweden,63.99945449999999,19.5701993
Aros G3,Sweden,59.60990049999999,16.5448091
Åbyverket G3,Sweden,60.12816100000001,18.643501
Jädraås Vindkraftpark,Sweden,60.8438554,16.4661037
Värtaverket,Sweden,59.3529364,18.1018138
Höljes,Sweden,60.9017721,12.5940162
Rya KVV ,Sweden,57.6926349,11.890887
Oskarshamn 3,Sweden,57.26569929999999,16.4473984
Stenungsund B3,Sweden,58.0678388,11.8294346
Uppsala KVV,Sweden,59.85856380000001,17.6389267
Ringhals 2,Sweden,57.260718,12.113006
Ringhals 1,Sweden,57.260718,12.113006
Stenungsund B4,Sweden,58.0678388,11.8294346
Hojum,Sweden,58.27420000000001,12.2722
Älvkarleby,Sweden,60.56860669999999,17.4489129
Forsmark block 2,Sweden,60.371024,18.1546134
Forsmark block 1,Sweden,60.371024,18.1546134
Trängslet,Sweden,61.3764616,13.7216033
Forsmark block 3,Sweden,60.371024,18.1546134
Ringhals 3,Sweden,57.260718,12.113006
Ringhals 4,Sweden,57.260718,12.113006
Lillgrund,Sweden,60.12816100000001,18.643501
Öresundsverket CHP,Sweden,55.6256993,13.0395179
Karlshamn,Sweden,56.170303,14.863073
Gasturbiner Malmö,Sweden,55.604981,13.003822
Gasturbiner Halmstad,Sweden,56.6743748,12.8577884
TENT B,Serbia,44.6540082,20.0084405
HE DJERDAP II,Serbia,44.016521,21.005859
TE KOSOVO B,Kosovo,42.6937069,21.0583365
TETO ZRENJANIN,Serbia,45.3834283,20.3906166
HE BAJINA BASTA,Serbia,43.9636192,19.409811
HE ZVORNIK,Serbia,44.016521,21.005859
TE MORAVA,Serbia,44.20574536720186,21.22756176735834
TE KOSTOLAC A,Serbia,44.7230391,21.1707377
TENT A,Serbia,44.6715234,20.1562261
TETO NOVI SAD,Serbia,45.2396085,19.8227056
TE KOSOVO A,Kosovo,42.6937069,21.0583365
HE Kokin Brod,Serbia,43.5187092,19.8115693
RHE BAJINA BASTA,Serbia,43.9711484,19.5661113
TE KOLUBARA,Serbia,44.4611502789004,20.09957550924858
HE DJERDAP I,Serbia,44.016521,21.005859
HE Bistrica,Serbia,43.4705105,19.6546376
HE Uvac,Serbia,43.3472029,19.9727075
TE KOSTOLAC B,Serbia,44.7278779,21.213697
Bohunice,Slovakia,48.3330851,18.752081
Vojany,Slovakia,48.5702197,21.9875696
PPC Bratislava,Slovakia,48.1485965,17.1077477
Gabčíkovo,Slovakia,47.8924248,17.576669
Čierny Váh,Slovakia,49.01112352130762,19.86036981263257
Mochovce,Slovakia,48.26065,18.44215
Nováky,Slovakia,48.7190624,18.5420563
Liptovská Mara,Slovakia,49.104389,19.5191838
Malženice,Slovakia,48.4505448,17.6754621
NE Krško,Slovenia,45.9380375,15.5157897
PE Brestanica,Slovenia,45.9964702,15.4772571
TE TE-TOL,Slovenia,46.0574756,14.5436384
ČHE Avče elektrarna,Slovenia,46.1012998,13.6837158
HE Formin,Slovenia,46.4026317,16.0338239
HE Zlatoličje,Slovenia,46.4479355,15.7868755
EGMEBRO,Spain,40.46366700000001,-3.74922
ASCO 1,Spain,41.1827575,0.5671571
ROBLA 2,Spain,42.8012489,-5.627395099999999
EFEGEL1,Spain,40.46366700000001,-3.74922
ESC IBER 6,Spain,42.8017356,-1.7749762
BESOS 3,Spain,40.46366700000001,-3.74922
P.G.RODR 2,Spain,40.46366700000001,-3.74922
AGUAYO B,Spain,43.0707598,-4.0371575
GUARDO 1,Spain,42.7890255,-4.8474389
GNF GALCOS,Spain,40.46366700000001,-3.74922
SANROQUE1,Spain,36.2104615,-5.384431699999999
SOTORIBE 3,Spain,40.46366700000001,-3.74922
ELBOGA,Spain,40.46366700000001,-3.74922
SIL-BIB-EU,Spain,40.46366700000001,-3.74922
MUELA B,Spain,40.46366700000001,-3.74922
ALG3,Spain,40.46366700000001,-3.74922
CASTELLO 3,Spain,39.9855905,-0.0496388
SAGU1,Spain,40.46366700000001,-3.74922
EFGASN,Spain,40.46366700000001,-3.74922
MALA1,Spain,40.46366700000001,-3.74922
UGH EON,Spain,40.46366700000001,-3.74922
ARCOS3,Spain,40.46366700000001,-3.74922
JUCAR,Spain,39.13251127918586,-0.4460901321739961
SOTORIBE 4,Spain,40.46366700000001,-3.74922
ARRUBAL1,Spain,42.434452,-2.2519623
CASTEJO2 I,Spain,40.46366700000001,-3.74922
ENH-FEC-GR,Spain,40.46366700000001,-3.74922
HTARIFA,Spain,36.0143209,-5.6044497
TAJOENC B,Spain,40.46366700000001,-3.74922
PVENT1,Spain,40.46366700000001,-3.74922
COFRENTES,Spain,39.229485,-1.0616065
ESC GDF 2,Spain,40.46366700000001,-3.74922
CASTELLO 4,Spain,40.4226124,-3.681613099999999
EDERNA,Spain,40.46366700000001,-3.74922
ALMARAZ 1,Spain,39.814327,-5.675295699999999
ECT2,Spain,40.46366700000001,-3.74922
PBCN1,Spain,40.46366700000001,-3.74922
P.G.RODR 3,Spain,40.46366700000001,-3.74922
SAGU3,Spain,40.46366700000001,-3.74922
EHIBGES,Spain,40.46366700000001,-3.74922
TAJO G,Spain,39.72222599365884,-5.511988756441918
AGUAYO G,Spain,43.0707598,-4.0371575
CAMPGIB1,Spain,40.46366700000001,-3.74922
TARRAG IB,Spain,41.1188827,1.2444909
TANES B,Spain,43.2068593,-5.4002664
SANTURCE 4,Spain,43.328128,-3.0336586
ECYLEO,Spain,40.46366700000001,-3.74922
EOLICAGEST,Spain,40.46366700000001,-3.74922
BESOS 4,Spain,40.46366700000001,-3.74922
COLON 4,Spain,40.46366700000001,-3.74922
GNF MIÑO,Spain,43.3539624,-8.1884949
EELRI,Spain,40.46366700000001,-3.74922
ARCOS2,Spain,42.3309336,-3.7099292
ETARRA,Spain,40.46366700000001,-3.74922
ANLLARES,Spain,42.8466592,-6.544314699999999
EMOCI,Spain,40.46366700000001,-3.74922
EESQUI,Spain,40.4909286,-3.6876313
ROBLA 1,Spain,42.8012489,-5.627395099999999
ASCO 2,Spain,41.1827575,0.5671571
TAJO B,Spain,39.72222599365884,-5.511988756441918
ALMARAZ 2,Spain,39.814327,-5.675295699999999
BOLARQUE G,Spain,40.362778,-2.828056
SALLENT G,Spain,41.8271079,1.8922257
SIL B,Spain,40.46366700000001,-3.74922
TERUEL 3,Spain,40.3456879,-1.1064345
ESC CART 2,Spain,40.46366700000001,-3.74922
PALOS1,Spain,37.2288942,-6.8954258
EALAND,Spain,40.46366700000001,-3.74922
SFWMARK,Spain,40.46366700000001,-3.74922
PUENTENUEV,Spain,43.3484859,-7.192670799999999
LITORAL 1,Spain,40.46366700000001,-3.74922
ACECA 3 IB,Spain,39.95,-3.85
CASTEJO3 H,Spain,40.3815693,-2.52165
BAHIAB,Spain,40.46366700000001,-3.74922
SAGU2,Spain,40.46366700000001,-3.74922
TRILLO,Spain,40.7007797,-2.5928841
TER,Spain,42.04902408889328,3.002958334982206
PVENT2,Spain,40.46366700000001,-3.74922
EREGPEM,Spain,40.46366700000001,-3.74922
MUELA G,Spain,40.3134761,-6.3282567
COMPOSTI 5,Spain,40.46366700000001,-3.74922
VANDELLOS,Spain,40.9908991,0.9236691
ESC GDF 3,Spain,40.46366700000001,-3.74922
TERUEL 1,Spain,40.3456879,-1.1064345
EEGPEM,Spain,40.46366700000001,-3.74922
HFGASN,Spain,40.46366700000001,-3.74922
P.G.RODR 5,Spain,40.46366700000001,-3.74922
GUADIANA,Spain,38.26484061468062,-5.63721741884834
GUILLENA G,Spain,37.5429955,-6.056855199999999
ACECA 4 UF,Spain,39.95,-3.85
PALOS2,Spain,37.2288942,-6.8954258
SABON 3,Spain,40.46366700000001,-3.74922
ESC CART 1,Spain,40.46366700000001,-3.74922
NARCEA 2,Spain,43.0994954,-6.621061099999999
AMBIETA,Spain,40.46366700000001,-3.74922
HC-HIDRAUL,Spain,40.46366700000001,-3.74922
GUILLENA B,Spain,37.5429955,-6.056855199999999
HFERRAT,Spain,40.46366700000001,-3.74922
MORALET G,Spain,38.4454911,-0.5718489999999999
ARCOS1,Spain,40.46366700000001,-3.74922
SOTO5,Spain,40.46366700000001,-3.74922
LADA 4,Spain,40.46366700000001,-3.74922
GUADALQUIV,Spain,37.46914732870385,-4.572951494644416
DUERO G,Spain,41.50561058101842,-5.492254831585304
ABOÑO 2,Spain,43.5647589,-5.718300600000001
COMPOSTI 4,Spain,40.46366700000001,-3.74922
SALLENT B,Spain,41.8271079,1.8922257
BARRIOS,Spain,36.1850645,-5.4925573
TFIBGES,Spain,37.3716515,-2.2728877
GNF TAJO,Spain,39.72222599365884,-5.511988756441918
EAEREG,Spain,40.46366700000001,-3.74922
DUERO B,Spain,41.50561058101842,-5.492254831585304
EGVREN2,Spain,40.46366700000001,-3.74922
LITORAL 2,Spain,40.46366700000001,-3.74922
FFNEXU,Spain,40.46366700000001,-3.74922
EBRACC2,Spain,40.46366700000001,-3.74922
PALOS3,Spain,37.2288942,-6.8954258
CASTELNOU,Spain,41.2301204,-0.3465971
ENDPRB,Spain,40.46366700000001,-3.74922
SANROQUE2,Spain,36.2104615,-5.384431699999999
GUARDO 2,Spain,42.7890255,-4.8474389
ESCAT3,Spain,40.46366700000001,-3.74922
P.G.RODR 1,Spain,40.46366700000001,-3.74922
EBRO ALTO,Spain,42.4152978,-2.027319
MEIRAMA,Spain,43.208479,-8.4376087
NARCEA 3,Spain,43.0994954,-6.621061099999999
EGASNE1,Spain,40.46366700000001,-3.74922
ESC CART 3,Spain,40.46366700000001,-3.74922
EMEDI,Spain,40.46366700000001,-3.74922
CAMPGIB2,Spain,40.46366700000001,-3.74922
CASTEJO1 H,Spain,40.46366700000001,-3.74922
ABOÑO 1,Spain,43.5647589,-5.718300600000001
TFDETIC,Spain,40.46366700000001,-3.74922
ECEASA,Spain,40.46366700000001,-3.74922
P.G.RODR 4,Spain,40.46366700000001,-3.74922
ESCCC1,Spain,40.46366700000001,-3.74922
MORALET B,Spain,38.4454911,-0.5718489999999999
EFWMARK,Spain,40.46366700000001,-3.74922
EDPCOR1,Spain,40.46366700000001,-3.74922
EDPCOSA,Spain,43.4615399,-6.0781794
EBRACC1,Spain,40.46366700000001,-3.74922
PBCN2,Spain,40.46366700000001,-3.74922
SIL G,Spain,40.46366700000001,-3.74922
HFIBGES,Spain,40.46366700000001,-3.74922
PALMASAETI,Spain,40.46366700000001,-3.74922
BOLARQUE B,Spain,40.362778,-2.828056
BESOS 5,Spain,40.46366700000001,-3.74922
TERUEL 2,Spain,40.3456879,-1.1064345
CTCOMPOS 3,Spain,40.46366700000001,-3.74922
ARRUBAL2,Spain,42.434452,-2.2519623
TERA-ESLA,Spain,41.95477835530568,-5.936038423294308
TAJOENC G,Spain,40.46366700000001,-3.74922
EFEGEL2,Spain,40.46366700000001,-3.74922
EGVENTO,Spain,40.46366700000001,-3.74922
Nant de Drance (NDD),Switzerland,46.06261948794957,6.904897796069646
Kraftwerk CB-VE,Switzerland,46.818188,8.227511999999999
Kraftwerk Lötschen,Switzerland,46.818188,8.227511999999999
KLL - KW Linth-Limmern AG,Switzerland,46.8795531,8.9831919
Hongrin-Léman (FMHL),Switzerland,46.4110587,6.934109899999999
KW Rheinfelden CH,Switzerland,47.55219,7.7922914
Wägital,Switzerland,47.1067241,8.9024771
Kraftwerk Mittelbünden,Switzerland,46.818188,8.227511999999999
Kraftwerk Göschenen,Switzerland,46.6673374,8.585142
KWM - KW Mattmark AG,Switzerland,46.0359813,7.9605751
AET Leventina,Switzerland,46.5315975,8.7195556
KWZ - KW Zervreila AG,Switzerland,46.56950759999999,9.1018592
Kernkraftwerk Gösgen,Switzerland,47.36448000000001,7.965477000000001
KVR - KW Vorderrhein AG,Switzerland,46.73125211826505,9.04441620287782
Verzasca,Switzerland,46.1689775,8.858191999999999
KKL - KernKW Leibstadt AG,Switzerland,47.5983101,8.1826232
Emosson (ESA),Switzerland,46.0831928,6.9141892
Electra-Massa (EM),Switzerland,46.3335259,8.0076568
Gde-Dixence (GD),Switzerland,46.13263090067091,7.401074110231249
KHR - KW Hinterrhein AG,Switzerland,46.53048159999999,9.1985525
Kraftwerk Bergell,Switzerland,46.2950041,9.705026199999999
Kraftwerke Mauvoisin AG,Switzerland,45.9792839,7.3536334
KKW Mühleberg (KKM),Switzerland,46.96999109999999,7.2700756
KW Oberhasli AG (KWO),Switzerland,46.7011485,8.2327335
KSL - KW Sarganserland AG,Switzerland,47.0478519,9.4406105
Kraftwerk Etzelwerk,Switzerland,46.818188,8.227511999999999
KKB - KernKW Beznau,Switzerland,47.552,8.23
Maggia (OFIMA),Switzerland,46.1693757,8.7967955
Blenio (OFIBLE),Switzerland,46.5298023,8.9381719
Kraftwerk Amsteg,Switzerland,46.79173549999999,8.6694779
EKW - Engadiner KW AG,Switzerland,46.650234,10.0287409
Wikinger Prod,Germany,51.165691,10.451526
TE TUZLA,Bosnia and Herzegovina,44.5199934,18.6057264
TE KAKANJ,Bosnia and Herzegovina,44.0872452,18.1141114
TE STANARI,Bosnia and Herzegovina,44.7381571,17.8240149
TE UGLJEVIK,Bosnia and Herzegovina,44.6829417,18.9694604
TE GACKO,Bosnia and Herzegovina,43.1737378,18.5163832
HE VISEGRAD,Bosnia and Herzegovina,43.7613716,19.2889595
HE CAPLJINA,Bosnia and Herzegovina,43.11182669999999,17.7054838
HE DUBROVNIK,Bosnia and Herzegovina,43.915886,17.679076
Burghausen GT,Germany,48.1725613,12.8310753
S.FIORANO GENERAZIONE,Italy,45.1374509,9.7231814
Castellaneta Wind Farm,Italy,40.62804180000001,16.9397385
ASSEMINI 26,Italy,39.2106099,9.0018424
PONT VENTOUX 2 ,Italy,45.1505914,7.017626300000001
AIRASCA 2,Italy,44.9171106,7.4893491
ROSSINI 12952,Italy,41.87194,12.56738
CENTRALE SACCO 1,Italy,45.51908539999999,9.124203399999999
S.ANNA 012,Italy,41.87194,12.56738
ENTRACQUE CHRO,Italy,44.2439659,7.3964073
TRE TORRI,Italy,45.4768832,9.161572
UP BRNSFIR 1,Italy,41.87194,12.56738
PUCCINI 13.360,Italy,41.87194,12.56738
Verdi 13.030,Italy,41.87194,12.56738
PAGANINI 13830,Italy,41.87194,12.56738
Laterza Wind Farm,Italy,40.6249441,16.798088
TE Pljevlja,,43.3345352,19.3277008
HE Perućica,,43.31842,18.6888227
NLROTTETH  1,Netherlands,52.132633,5.291265999999999
