name,lat,lon
Galleto Power Plant Italy,41.87194,12.56738
Amfard Power Plant France,47.72008959999999,1.5801954
Ec włocławek Power Plant Poland,52.6483303,19.0677357
Enipower livorno Power Plant Italy,43.548473,10.3105674
Alcala jucar Power Plant Spain,39.1669696,-1.3855161
Limmern Power Plant Switzerland,46.8784824,8.9820654
Agueda Power Plant Spain,37.2300993,-3.0679614
Alqueria Power Plant Spain,37.2300993,-3.0679614
Antrel Power Plant Spain,37.2300993,-3.0679614
Argone Power Plant Spain,37.2300993,-3.0679614
Arias Power Plant Spain,37.2300993,-3.0679614
Ariestolas Power Plant Spain,41.9640425,0.1930413
Arriba Power Plant Spain,37.2300993,-3.0679614
H. avia Power Plant Spain,37.2300993,-3.0679614
Barasona s.jose Power Plant Spain,40.3477596,-2.886661
Björkfors Power Plant Finland,61.23592949999999,21.4347339
Buitreras Power Plant Spain,37.2300993,-3.0679614
Aznar Power Plant Spain,37.2300993,-3.0679614
C.h.castrelo Power Plant Spain,42.48118840000001,-8.803151999999999
Ciego Power Plant Spain,37.2300993,-3.0679614
Cierves Power Plant Spain,37.2300993,-3.0679614
Clarianacal Power Plant Spain,37.2300993,-3.0679614
Confirel Power Plant Spain,40.46366700000001,-3.74922
Enercrisa Power Plant Spain,37.2300993,-3.0679614
Arni engelberg Power Plant Switzerland,46.8200266,8.4069918
Feixa Power Plant Spain,37.2300993,-3.0679614
Fervenza Power Plant Spain,37.2300993,-3.0679614
Galleto Power Plant,41.87194,12.56738
Amfard Power Plant,47.72008959999999,1.5801954
Ec włocławek Power Plant,52.6483303,19.0677357
Enipower livorno Power Plant,43.548473,10.3105674
Alcala jucar Power Plant,39.1669696,-1.3855161
Limmern Power Plant,46.8784824,8.9820654
Agueda Power Plant,37.2300993,-3.0679614
Alqueria Power Plant,37.2300993,-3.0679614
Antrel Power Plant,37.2300993,-3.0679614
Argone Power Plant,37.2300993,-3.0679614
Arias Power Plant,37.2300993,-3.0679614
Ariestolas Power Plant,41.9640425,0.1930413
Arriba Power Plant,37.2300993,-3.0679614
H. avia Power Plant,37.2300993,-3.0679614
Barasona s.jose Power Plant,40.3477596,-2.886661
Björkfors Power Plant,61.23592949999999,21.4347339
Buitreras Power Plant,37.2300993,-3.0679614
Aznar Power Plant,37.2300993,-3.0679614
C.h.castrelo Power Plant,42.48118840000001,-8.803151999999999
Ciego Power Plant,37.2300993,-3.0679614
Cierves Power Plant,37.2300993,-3.0679614
Clarianacal Power Plant,37.2300993,-3.0679614
Confirel Power Plant,40.46366700000001,-3.74922
Enercrisa Power Plant,37.2300993,-3.0679614
Arni engelberg Power Plant,46.8200266,8.4069918
Feixa Power Plant,37.2300993,-3.0679614
Fervenza Power Plant,37.2300993,-3.0679614
Fuensanta Power Plant,39.2451555,-2.0690225
Gandara Power Plant,37.2300993,-3.0679614
Gavet Power Plant,37.2300993,-3.0679614
Girasol Power Plant,37.2300993,-3.0679614
Gonzalez carreno Power Plant,43.54856179999999,-5.7932008
Hollersbach Power Plant,47.2766098,12.4241758
Pie presa itoiz Power Plant,42.8024219,-1.3610725
Koivukoski Power Plant,64.2265503,27.7353377
Tolsa Power Plant,37.2300993,-3.0679614
Miller Power Plant,40.46366700000001,-3.74922
Andres Power Plant,37.2300993,-3.0679614
Agavanzal Power Plant,42.6164305,-6.5673167
Pata mulo Power Plant,37.2300993,-3.0679614
Ponte Power Plant,37.2300993,-3.0679614
Porma Power Plant,37.2300993,-3.0679614
Montanana Power Plant,37.2300993,-3.0679614
Puentelarra Power Plant,42.7529691,-3.0472917
Quintana Power Plant,37.2300993,-3.0679614
Restano Power Plant,37.2300993,-3.0679614
Cantillana Power Plant,37.6109062,-5.8235168
Seda Power Plant,37.2300993,-3.0679614
Sohlstufe hallein Power Plant,47.8213216,13.0341122
Sossis Power Plant,37.2300993,-3.0679614
Talavera Power Plant,37.2300993,-3.0679614
Toro Power Plant,40.46366700000001,-3.74922
Tranco lobo Power Plant,38.175824,-2.7943211
Trattenbach Power Plant,47.6027959,15.8917888
Urdon Power Plant,43.255701,-4.6505274
Urstein Power Plant,47.516231,14.550072
Vadillos Power Plant,42.1950838,-2.4489806
Valdemingomez Power Plant,37.2300993,-3.0679614
Universitat valencia Power Plant,39.4793254,-0.3593863
Vallat Power Plant,40.0371984,-0.3324856
Vallespir Power Plant,37.2300993,-3.0679614
Nedalsfoss Power Plant,60.47202399999999,8.468945999999999
Knäred nedre Power Plant,56.5200958,13.3166101
Knäred övre Power Plant,56.5200958,13.3166101
Ljusne strömmar Power Plant,61.2114046,17.1266474
Aggius bortigiadas viddalba Power Plant,40.8909278,9.042497599999999
Sclafani bagni Power Plant,37.7182588,13.8287267
Amdal Power Plant,60.4994265,7.1424007
Asmulfoss Power Plant,60.47202399999999,8.468945999999999
Biomasse bando d'argenta Power Plant,41.87194,12.56738
Bingsfoss Power Plant,60.47202399999999,8.468945999999999
Bjorgum Power Plant,60.47202399999999,8.468945999999999
Calcinere Power Plant,45.1834431,8.2766123
Cartiera reno medici santa giustina Power Plant,46.0734131,12.0364362
Cimena Power Plant,45.1834431,8.2766123
Contrasto c.le Power Plant,37.64962999999999,14.8050915
Cornia Power Plant,43.167561,10.8053254
Covalou Power Plant,41.87194,12.56738
Contrada corvo cozzo miturro Power Plant,45.2050768,8.612361000000002
S.damiano Power Plant,43.0614954,12.618054
Duino Power Plant,45.7753929,13.6026211
Edessaios Power Plant,39.074208,21.824312
Eidefossen Power Plant,61.87602699999999,9.094980099999999
Follafoss Power Plant,63.98555750000001,11.1072278
Fontana bianca Power Plant,46.4853062,10.8315293
Forsa Power Plant,60.47202399999999,8.468945999999999
Funnefoss Power Plant,60.02744909999999,11.323278
Furset Power Plant,60.47202399999999,8.468945999999999
Gausbu Power Plant,60.47202399999999,8.468945999999999
Grasjo Power Plant,60.47202399999999,8.468945999999999
Greci Power Plant,41.87194,12.56738
Guarnieri Power Plant,45.0715127,9.8701325
Guolas Power Plant,60.47202399999999,8.468945999999999
Hagen kabel Power Plant,51.3670777,7.4632841
Hegsetfoss Power Plant,60.47202399999999,8.468945999999999
Hogga Power Plant,59.3107899,9.045224200000002
Kalvedalen Power Plant,60.47202399999999,8.468945999999999
Kaupanger Power Plant,60.4994265,7.1424007
Lacedonia Power Plant,41.075059,15.377383
Leinafoss Power Plant,60.47202399999999,8.468945999999999
Leirfossene Power Plant,60.47202399999999,8.468945999999999
Lindland Power Plant,60.4994265,7.1424007
Lokaunet Power Plant,63.26819279999999,10.4582701
Hpp lotru Power Plant,45.44721000000001,23.76834
Macchia vf Power Plant,41.87194,12.56738
Mageli Power Plant,60.47202399999999,8.468945999999999
Marco Power Plant,41.87194,12.56738
Impianto marineo Power Plant,37.9491255,13.4222797
Masocorona Power Plant,45.1834431,8.2766123
Matese Power Plant,45.1834431,8.2766123
Mauro Power Plant,41.87194,12.56738
Midtre tessa Power Plant,60.4994265,7.1424007
Monte cavuti Power Plant,41.87194,12.56738
Monte cute Power Plant,41.87194,12.56738
Monte narbone Power Plant,41.87194,12.56738
Nedre tessa Power Plant,60.47202399999999,8.468945999999999
Narvik Power Plant,68.4456172,17.4492797
Nygardsfjellet Power Plant,60.47202399999999,8.468945999999999
Ogreyfoss Power Plant,60.47202399999999,8.468945999999999
Ormsetfoss Power Plant,60.47202399999999,8.468945999999999
Osen Power Plant,64.42113979999999,10.0377767
Moksa Power Plant,60.47202399999999,8.468945999999999
Ovre rossaga Power Plant,66.0777529,13.9437542
Ovre tessa Power Plant,60.2670808,8.958880599999999
Palsbu Power Plant,60.47202399999999,8.468945999999999
S.pancrazio Power Plant,40.4185307,17.8402819
Ponte felice Power Plant,43.5881134,13.319206
Rekvatn Power Plant,60.47202399999999,8.468945999999999
Riksheimdal Power Plant,60.47202399999999,8.468945999999999
Rivedal Power Plant,60.47202399999999,8.468945999999999
Roppa Power Plant,60.47202399999999,8.468945999999999
Royrvikfoss Power Plant,60.47202399999999,8.468945999999999
Sage Power Plant,60.47202399999999,8.468945999999999
Sagfossen Power Plant,60.47202399999999,8.468945999999999
Chiomonte Power Plant,45.1177836,6.9834046
Serracapriola Power Plant,41.8085917,15.1599009
Stuvane Power Plant,60.47202399999999,8.468945999999999
Svean Power Plant,60.47202399999999,8.468945999999999
Eolo tempio pausania Power Plant,40.9031356,9.104066999999999
Tjeldbergodden Power Plant,60.47202399999999,8.468945999999999
Tunnsjofoss Power Plant,60.47202399999999,8.468945999999999
S.valburga Power Plant,45.0715127,9.8701325
Telessio Power Plant,41.87194,12.56738
Vedeld Power Plant,60.47202399999999,8.468945999999999
Vessingfoss Power Plant,60.47202399999999,8.468945999999999
Vizzini Power Plant,37.1613188,14.7488678
Volturara Power Plant,40.8802445,14.9180629
Diesel generator solar replacement Power Plant,46.227638,2.213749
A.i.e. fabricantes quesos Power Plant,40.46366700000001,-3.74922
A.padilla Power Plant,37.2300993,-3.0679614
Abajo Power Plant,37.2300993,-3.0679614
Abaloz Power Plant,37.2300993,-3.0679614
Abaran Power Plant,38.2040853,-1.4012039
Abengoa servicios urbanos Power Plant,40.46366700000001,-3.74922
Ablaneda Power Plant,43.375502,-6.2598328
Abocador pedret marza Power Plant,42.3085262,3.0726468
Acabados baneres Power Plant,38.7153272,-0.6595184
Accura gava alpha Power Plant,41.267816,2.022635
Aceca Power Plant,39.9429825,-3.8547105
Aceites marpoles Power Plant,37.2300993,-3.0679614
Acequia cinco villas Power Plant,42.1516737,-1.135302
Acera vega Power Plant,37.2300993,-3.0679614
Aceria Power Plant,37.2300993,-3.0679614
Acuario espai salut Power Plant,40.46366700000001,-3.74922
Aeropuerto sondika Power Plant,43.302494,-2.911116
Aglomerados ecar Power Plant,37.2300993,-3.0679614
Agozpe Power Plant,37.2300993,-3.0679614
Agralco s. coop. Power Plant,42.66351299999999,-2.021108
Agro sevilla Power Plant,37.4065429,-5.9304792
Agroaldea s.l Power Plant,37.2300993,-3.0679614
Agropor Power Plant,37.2300993,-3.0679614
Agueras Power Plant,43.1984501,-6.0017425
Aigues lleida Power Plant,38.5159556,-0.3654204
Aittaluoto Power Plant,61.4885829,21.8106681
Aitzetarte Power Plant,37.2300993,-3.0679614
Aizpurutxo Power Plant,37.2300993,-3.0679614
Akular argi Power Plant,40.46366700000001,-3.74922
Alabe cartobox Power Plant,40.46366700000001,-3.74922
Alabe foret Power Plant,37.2300993,-3.0679614
Alavesa Power Plant,42.5420793,-2.5594214
Albaida recursos naturales medio ambiente Power Plant,40.46366700000001,-3.74922
Albares Power Plant,40.3477596,-2.886661
Albarizas Power Plant,37.2300993,-3.0679614
Alberdikoa Power Plant,37.2300993,-3.0679614
Albertia etxea Power Plant,61.23592949999999,21.4347339
Alcala henares Power Plant,40.4819791,-3.3635421
Alcala villalta Power Plant,37.2300993,-3.0679614
Alcalaina Power Plant,37.2300993,-3.0679614
Alcarras Power Plant,41.1925362,0.5693414
Alcazar juan Power Plant,40.46366700000001,-3.74922
Alcoholera puebla Power Plant,37.2300993,-3.0679614
Alcozar Power Plant,41.6184046,-3.3247266
Aldebaran guadalquivir Power Plant,37.4691473,-4.572951499999999
Alfages Power Plant,37.2300993,-3.0679614
Algar mesa Power Plant,37.2300993,-3.0679614
Algodonales Power Plant,37.561078,-5.331544
Alguaire Power Plant,41.7284702,0.5434913
Alier Power Plant,37.2300993,-3.0679614
Aliguer Power Plant,37.2300993,-3.0679614
Alitrasa Power Plant,37.2300993,-3.0679614
Alkiza Power Plant,43.1725926,-2.1091283
Allarluz Power Plant,37.2300993,-3.0679614
Almacellas Power Plant,41.1925362,0.5693414
Almacelles Power Plant,41.1925362,0.5693414
Almandoz Power Plant,43.0910944,-1.6053686
Almazan Power Plant,41.4859291,-2.5331845
Almenar Power Plant,41.1925362,0.5693414
Almenara Power Plant,39.753449,-0.2232937
Almiberia Power Plant,37.2300993,-3.0679614
Almofrei Power Plant,42.4601702,-8.5007694
Almudever rosello hermanos Power Plant,37.2300993,-3.0679614
Alonso Power Plant,37.2300993,-3.0679614
Altzola Power Plant,43.4332346,-2.8727045
Alvaro espuny Power Plant,37.2300993,-3.0679614
Am. dotation du kembs Power Plant,46.818188,8.227511999999999
Ameraun Power Plant,37.2300993,-3.0679614
Ametlla merola Power Plant,37.2300993,-3.0679614
Andia lacteos Power Plant,43.486083,-6.8320851
Andion Power Plant,43.1512479,-7.364654499999999
Andres sanchez plaza Power Plant,40.46366700000001,-3.74922
Androndegui Power Plant,37.2300993,-3.0679614
Angeles Power Plant,37.2300993,-3.0679614
Angles Power Plant,37.2300993,-3.0679614
Angulo general quesera Power Plant,40.46366700000001,-3.74922
Anllones Power Plant,37.2300993,-3.0679614
Anoia Power Plant,41.6305499,1.5596117
Antella escalona Power Plant,39.0806086,-0.5919029
Antonana Power Plant,42.6933158,-2.3964827
Aprovechamiento hidroelectrico rio barra Power Plant,40.46366700000001,-3.74922
Aprovechamiento hidroelectrico rio nela Power Plant,42.8978508,-3.5676688
Aracena Power Plant,37.4178642,-6.2770557
Aragosa Power Plant,40.3477596,-2.886661
Aranaz Power Plant,43.1962491,-1.7252937
Aranda Power Plant,37.2300993,-3.0679614
Arboleda Power Plant,37.2300993,-3.0679614
Archena Power Plant,38.11677350000001,-1.3011431
Arcilla blanc Power Plant,37.2300993,-3.0679614
Arcillas atomizadas Power Plant,39.9732944,-0.2339869
Aremusa Power Plant,37.2300993,-3.0679614
Arenas gravas Power Plant,37.2300993,-3.0679614
Arenas munorredondo Power Plant,37.2300993,-3.0679614
Arenillas Power Plant,41.3467154,-2.8458672
Arenys emporda Power Plant,42.168991,2.9559989
Arenzana Power Plant,42.3849819,-2.7220024
Argal Power Plant,37.2300993,-3.0679614
Arlanzon Power Plant,42.3227938,-3.4580391
Arlas Power Plant,37.2300993,-3.0679614
Arlucea Power Plant,42.7273988,-2.543628
Armaurri Power Plant,37.2300993,-3.0679614
Armonio ingenieros Power Plant,40.46366700000001,-3.74922
Arnau vilanova Power Plant,41.6265651,0.613333
Arquillos Power Plant,38.1810037,-3.428383
Arrambide Power Plant,37.2300993,-3.0679614
Arroces aragon Power Plant,41.5976275,-0.9056623
Arrollandieta Power Plant,37.2300993,-3.0679614
Arroyo pozos Power Plant,37.2300993,-3.0679614
Artabra ampliada potencia Power Plant,40.46366700000001,-3.74922
Artesiaga Power Plant,40.46366700000001,-3.74922
Artigas Power Plant,37.2300993,-3.0679614
Asfaltos chova Power Plant,37.2300993,-3.0679614
Astigarraga kit line Power Plant,43.280929,-1.9484098
Athenea Power Plant,37.2300993,-3.0679614
Atlantic copper. s.l.u. Power Plant,37.2277657,-6.9496893
Atomix Power Plant,40.9510612,0.8662462999999999
Atomizadas alcora amizalsa Power Plant,37.2300993,-3.0679614
Atomizadora Power Plant,37.2300993,-3.0679614
Atreneste Power Plant,37.2300993,-3.0679614
Augusto Power Plant,37.2300993,-3.0679614
Aurecan Power Plant,37.2300993,-3.0679614
Aurtiz Power Plant,37.2300993,-3.0679614
Ausin Power Plant,37.2300993,-3.0679614
Autopromocion Power Plant,37.2300993,-3.0679614
Auxiliar textil riba Power Plant,40.46366700000001,-3.74922
Avicosan cornella alpha Power Plant,41.3476149,2.0881172
Ayuntamiento guardo Power Plant,42.7888358,-4.8418721
Ayuntamiento sada Power Plant,37.2300993,-3.0679614
Azanon Power Plant,40.46366700000001,-3.74922
Azcue cia Power Plant,37.2300993,-3.0679614
Azucarera duero Power Plant,37.2300993,-3.0679614
Azucarera guadalete Power Plant,36.76736,-5.7745863
Azucarera jedula Power Plant,36.7251199,-5.9286025
Azucarera leopoldo Power Plant,37.2300993,-3.0679614
Azucarera montero Power Plant,37.2300993,-3.0679614
Azulejera tecnica Power Plant,37.2300993,-3.0679614
Azulejos pavimentos Power Plant,37.2300993,-3.0679614
Azulejos vives Power Plant,40.0679169,-0.1973369
Azulindus marti Power Plant,39.9699844,-0.2458741
Bachwinkl Power Plant,47.516231,14.550072
Badaran Power Plant,42.3681405,-2.8091095
Badenes Power Plant,41.419238,2.2268169
Badia Power Plant,37.2300993,-3.0679614
Badiolegui Power Plant,37.2300993,-3.0679614
Baga Power Plant,42.25262,1.861711
Baides Power Plant,40.3477596,-2.886661
Bajo bidasoa Power Plant,43.3344662,-1.8123324
Balet vendrel Power Plant,40.46366700000001,-3.74922
Balmaseda Power Plant,43.2643288,-2.9342607
Balneario archena Power Plant,38.11677350000001,-1.3011431
Balsareny Power Plant,41.86345619999999,1.8745219
Baltanas Power Plant,41.9380045,-4.2461531
Bamipal Power Plant,37.2300993,-3.0679614
Barbellido Power Plant,40.3284781,-5.2292825
Barbens Power Plant,40.9510612,0.8662462999999999
Barcena besaya Power Plant,43.1197796,-4.0470712
Barco Power Plant,37.2300993,-3.0679614
Barranc berasti Power Plant,42.4982561,1.0586179
Barrasa Power Plant,43.1018511,-3.3206352
Barreiro Power Plant,37.2300993,-3.0679614
Barrena berri Power Plant,37.2300993,-3.0679614
Barri fluvia Power Plant,40.46366700000001,-3.74922
Barrosa Power Plant,37.2300993,-3.0679614
Bartolome Power Plant,37.2300993,-3.0679614
Batanes Power Plant,37.2300993,-3.0679614
Batanes ib Power Plant,37.2300993,-3.0679614
Becosa bujalance Power Plant,37.8932938,-4.3783555
Becosa cabra Power Plant,37.2300993,-3.0679614
Becosa carmona Power Plant,37.471274,-5.6418214
Becosa fuente piedra Power Plant,37.1341608,-4.7309865
Becosa genil Power Plant,37.41775700000001,-4.329799299999999
Becosa villa rio Power Plant,40.46366700000001,-3.74922
Befesa valorizacion azufre s.l.u. Power Plant,43.358012,-3.0512809
Beko errota Power Plant,43.3538082,-1.8117525
Belfintex Power Plant,37.2300993,-3.0679614
Bellpuig Power Plant,40.9510612,0.8662462999999999
Belpla Power Plant,38.832155,-0.558149
Benet Power Plant,40.46366700000001,-3.74922
Benferri Power Plant,38.287775,-1.600145
Berbegal Power Plant,41.9611832,-0.0029143
Berberin Power Plant,37.2300993,-3.0679614
Berdabio Power Plant,37.2300993,-3.0679614
Berga Power Plant,42.1012595,1.8439221
Berganzo Power Plant,42.6500366,-2.7848278
Berrocalillo Power Plant,37.2300993,-3.0679614
Bertxin Power Plant,37.2300993,-3.0679614
Bescano Power Plant,41.9657629,2.7400328
Betolegui Power Plant,37.2300993,-3.0679614
Bg damm prat Power Plant,40.46366700000001,-3.74922
Bg makassar pv Power Plant,37.2300993,-3.0679614
Bg svendborg pv Power Plant,37.2300993,-3.0679614
Bidones roma Power Plant,37.2300993,-3.0679614
Bieffe medital tec Power Plant,42.5510488,-0.3480978
Bielsa Power Plant,42.6683404,0.1869644
Bierge Power Plant,42.2559306,-0.0933686
Bilbao kirolak imd Power Plant,43.2609436,-2.9267475
Billnäs Power Plant,60.0853878,23.6410551
Bioastur Power Plant,37.2300993,-3.0679614
Biodiesel acor Power Plant,40.46366700000001,-3.74922
Biodiesel cristobal Power Plant,37.2300993,-3.0679614
Biodigestion residuos agroalimentarios cati Power Plant,40.4713618,0.0227376
Bioelectrica jienense Power Plant,40.46366700000001,-3.74922
Bioelectrica linares Power Plant,37.2300993,-3.0679614
Bioenergetica egabrense Power Plant,40.46366700000001,-3.74922
Bioenergetica egabrense cabra Power Plant,37.4723747,-4.4422277
Bioenergia mendi Power Plant,37.2300993,-3.0679614
Bioenergia renovable vizcaya Power Plant,43.2204286,-2.6983868
Bioenergia santamaria Power Plant,37.2300993,-3.0679614
Bioetanol babilafuente Power Plant,40.97618019999999,-5.4266852
Bioetanol galicia Power Plant,40.46366700000001,-3.74922
Biometanizacion Power Plant,37.2300993,-3.0679614
Biometanizacion granja ves Power Plant,40.46366700000001,-3.74922
Biometanizacion residuos ganaderos Power Plant,40.46366700000001,-3.74922
Biomex Power Plant,37.2300993,-3.0679614
Biosanmarcos Power Plant,37.2300993,-3.0679614
Biosasieta Power Plant,37.2300993,-3.0679614
Biotractaments vila sana Power Plant,41.6672216,0.9342972999999999
Biurrana Power Plant,61.23592949999999,21.4347339
Blanca Power Plant,37.2300993,-3.0679614
Bm dhc marina zona franca bcn Power Plant,41.3525378,2.1413415
Boades Power Plant,37.2300993,-3.0679614
Bocana casar Power Plant,37.2300993,-3.0679614
Bocaredo Power Plant,37.2300993,-3.0679614
Bolinches Power Plant,37.2300993,-3.0679614
Bolsas formatos Power Plant,40.46366700000001,-3.74922
Bolton efw Power Plant,53.57686469999999,-2.4282192
Bolubarri Power Plant,37.2300993,-3.0679614
Bolumburu con re Power Plant,43.1990072,-3.1554805
Bolumburu re Power Plant,40.46366700000001,-3.74922
Bonduelle Power Plant,37.2300993,-3.0679614
Boo guarnizo Power Plant,43.3931902,-3.8561023
Borbollon Power Plant,37.2300993,-3.0679614
Borgonya Power Plant,42.0643794,2.2427335
Borras Power Plant,37.2300993,-3.0679614
Bota Power Plant,37.2300993,-3.0679614
Bp oil espana estacion servicio isidoro Power Plant,40.42101690000001,-3.7103444
Brandia Power Plant,42.7878921,-8.860571199999999
Brilen Power Plant,40.46366700000001,-3.74922
Briviesca Power Plant,42.5327486,-3.3086778
Broquetas Power Plant,37.2300993,-3.0679614
Bros Power Plant,37.2300993,-3.0679614
Brother cas Power Plant,37.2300993,-3.0679614
Brutau Power Plant,37.2300993,-3.0679614
Bubal Power Plant,37.2300993,-3.0679614
Bubones Power Plant,37.2300993,-3.0679614
Buenameson Power Plant,37.2300993,-3.0679614
Bugarra Power Plant,39.2172907,-1.0507081
Buixo Power Plant,37.2300993,-3.0679614
Bujalaro Power Plant,40.3477596,-2.886661
Bujaraloz fase Power Plant,41.49742800000001,-0.1530097
Bunuel Power Plant,37.2300993,-3.0679614
Bürglen kanal Power Plant,46.8761523,8.664463099999999
C. h. ahedillo Power Plant,40.46366700000001,-3.74922
C. h. cabalar Power Plant,40.46366700000001,-3.74922
C. h. corzan Power Plant,40.46366700000001,-3.74922
C. h. guaso Power Plant,42.4160206,0.09422029999999999
C. h. hojamarta Power Plant,37.2300993,-3.0679614
C. h. tijola Power Plant,37.2300993,-3.0679614
C. h. viniegra abajo Power Plant,42.1518804,-2.8888912
C.d. amaya Power Plant,42.8184573,-1.6245503
C.e.i.p. casablanca Power Plant,40.46366700000001,-3.74922
C.h vall nuria Power Plant,42.3965825,2.1527838
C.h.fab. boinas encartada Power Plant,40.46366700000001,-3.74922
C.h.manufactures Power Plant,40.46366700000001,-3.74922
C.n. sant feliu llobregat Power Plant,41.38238,2.049315
C.t.r. palencia Power Plant,42.0096857,-4.5288016
C.t.r.u. salamanca Power Plant,40.9701039,-5.663539699999999
Caballe Power Plant,37.2300993,-3.0679614
Cabildo Power Plant,37.2300993,-3.0679614
Cabo Power Plant,43.5531565,-5.722929499999999
Cachina Power Plant,37.2300993,-3.0679614
Cadagua Power Plant,43.2295671,-3.0928795
Cades penedes Power Plant,37.2300993,-3.0679614
Caila & pares Power Plant,41.3306314,2.131958
Cairat Power Plant,37.2300993,-3.0679614
Cal bassacs gironella Power Plant,41.419238,2.2268169
Cal casas Power Plant,40.46366700000001,-3.74922
Cal gat Power Plant,42.05613,2.53646
Cal jover Power Plant,40.46366700000001,-3.74922
Calabuig Power Plant,42.1515988,2.9244621
Calaf Power Plant,41.7325486,1.5135421
Calahorra Power Plant,42.3073551,-1.9673133
Calixto Power Plant,37.2300993,-3.0679614
Calle camino gazolaz Power Plant,37.2300993,-3.0679614
Calle jose azcona Power Plant,40.46366700000001,-3.74922
Calvet Power Plant,37.2300993,-3.0679614
Campillos Power Plant,37.561078,-5.331544
Campo Power Plant,43.3308035,-8.502271
Campo brick Power Plant,37.2300993,-3.0679614
Camposolillo Power Plant,42.981693,-5.2602819
Campus sur Power Plant,37.2300993,-3.0679614
Canada hermosa Power Plant,38.287775,-1.600145
Canada romero Power Plant,37.2300993,-3.0679614
Canas Power Plant,37.2300993,-3.0679614
Candanchu Power Plant,42.7882105,-0.5269638999999999
Canet Power Plant,41.5998437,2.5767694
Cano Power Plant,37.2300993,-3.0679614
Cantabria Power Plant,43.4160046,-3.817867299999999
Canteras jun Power Plant,37.6127647,-1.0444241
Caolesa Power Plant,37.2300993,-3.0679614
Carballo biometanizacion Power Plant,40.46366700000001,-3.74922
Carbones Power Plant,37.2300993,-3.0679614
Carburo Power Plant,37.2300993,-3.0679614
Carburs Power Plant,37.2300993,-3.0679614
Cardiel Power Plant,37.2300993,-3.0679614
Carmen Power Plant,37.2300993,-3.0679614
Carmona Power Plant,37.561078,-5.331544
Carnes estelles Power Plant,40.46366700000001,-3.74922
Carnicas villar Power Plant,37.2300993,-3.0679614
Carpema Power Plant,37.2300993,-3.0679614
Carpi turbogas Power Plant,44.7838779,10.8796629
Carrascosa Power Plant,40.46366700000001,-3.74922
Cartonajes bernabeu Power Plant,38.8881668,-0.5754777999999999
Cartonajes izquierdo Power Plant,37.2300993,-3.0679614
Cartonajes plana Power Plant,37.2300993,-3.0679614
Casablanca Power Plant,37.2300993,-3.0679614
Casao Power Plant,37.2300993,-3.0679614
Casas Power Plant,37.2300993,-3.0679614
Casco decor Power Plant,37.2300993,-3.0679614
Caseda Power Plant,42.5244427,-1.367422
Castillonroy Power Plant,41.8856242,0.5133783
Castilseras Power Plant,40.9510612,0.8662462999999999
Castroquilame Power Plant,42.6164305,-6.5673167
Catenva Power Plant,37.2300993,-3.0679614
Catex moli Power Plant,37.2300993,-3.0679614
Cauxa Power Plant,37.2300993,-3.0679614
Cavlo Power Plant,37.2300993,-3.0679614
Cazanuecos Power Plant,42.1869171,-5.7013582
Cazulas Power Plant,36.81449,-3.69616
Ceasa navia Power Plant,40.46366700000001,-3.74922
Cebolla Power Plant,37.2300993,-3.0679614
Celga Power Plant,37.2300993,-3.0679614
Cellophane Power Plant,40.46366700000001,-3.74922
Celytex Power Plant,37.2300993,-3.0679614
Celytex ampliada con re Power Plant,40.46366700000001,-3.74922
Cental escombreras moyresa girasol Power Plant,37.57925090000001,-0.9099550999999999
Centro deportivo rio esgueva Power Plant,41.6598897,-4.709631799999999
Centro investigacion oncologico s.a Power Plant,39.2172907,-1.0507081
Ceranor Power Plant,40.46366700000001,-3.74922
Ceratres Power Plant,37.2300993,-3.0679614
Cerdedo Power Plant,42.5327602,-8.390327599999999
Cerfasa Power Plant,37.2300993,-3.0679614
Cerkno Power Plant,46.1257252,15.0601937
Cerm inquitex Power Plant,37.2300993,-3.0679614
Cernado Power Plant,37.2300993,-3.0679614
Cerrato Power Plant,41.9180953,-4.315422
Cervezas damm Power Plant,40.46366700000001,-3.74922
Ceršak Power Plant,45.9380375,15.5157897
Cespa santa maria palautordera Power Plant,41.6933702,2.4458308
Champymar Power Plant,37.2300993,-3.0679614
Chanza Power Plant,37.2300993,-3.0679614
Chavin Power Plant,37.2300993,-3.0679614
Chiloeches Power Plant,40.5723871,-3.1637624
Chimparra Power Plant,43.6985436,-8.0156685
Chincha Power Plant,37.2300993,-3.0679614
Chipeado secado madera con Power Plant,40.46366700000001,-3.74922
Chirrisquin Power Plant,37.2300993,-3.0679614
Chomba plagano Power Plant,37.2300993,-3.0679614
Chorro duque Power Plant,36.9092139,-4.7596131
Chorronera Power Plant,37.2300993,-3.0679614
Chusco Power Plant,37.2300993,-3.0679614
Châble Power Plant,46.08014,7.21048
Cia. energetica para tablero Power Plant,40.46366700000001,-3.74922
Ciatesa Power Plant,37.2300993,-3.0679614
Ciments martin sant joan les abadesses Power Plant,42.234129,2.2863069
Ciprian Power Plant,37.2300993,-3.0679614
Cipsa Power Plant,41.419238,2.2268169
Cisener Power Plant,37.2300993,-3.0679614
Ciudad agroalimentaria tudela s.l.u. Power Plant,42.0786112,-1.6491992
Ciudad medio ambiente Power Plant,40.46366700000001,-3.74922
Clinica centro Power Plant,37.2300993,-3.0679614
Clot moro Power Plant,40.46366700000001,-3.74922
Clp organogas Power Plant,40.46366700000001,-3.74922
Club mar Power Plant,40.46366700000001,-3.74922
Cn granollers Power Plant,41.60619270000001,2.2870889
Cn manresa Power Plant,41.7163888,1.8220818
Cobane a.i.e. Power Plant,37.2300993,-3.0679614
Cocarga Power Plant,37.2300993,-3.0679614
Coesga Power Plant,37.2300993,-3.0679614
Cog. da moura Power Plant,37.2300993,-3.0679614
Cog. espiritu santo Power Plant,40.46366700000001,-3.74922
Cog.centro comercial canas Power Plant,40.46366700000001,-3.74922
Cog.forrajes ribaforada Power Plant,41.9905,-1.517056
Cogemansa Power Plant,37.2300993,-3.0679614
Cogener alava sa polideportivo bakh Power Plant,42.9099989,-2.6983868
Cogener. e.r.a.r. sur madrid pot.modif. Power Plant,40.4167754,-3.7037902
Cogeneracio angles textil Power Plant,41.955363,2.66069
Cogeneracio asesa Power Plant,37.2300993,-3.0679614
Cogeneracio belianes Power Plant,41.5605304,1.0143426
Cogeneracio cracker etile Power Plant,40.46366700000001,-3.74922
Cogeneracio embotits espina Power Plant,41.9467685,2.2564833
Cogeneracio hotel termes montbrio Power Plant,41.1180669,1.0049568
Cogeneracio nau inditex Power Plant,37.2300993,-3.0679614
Cogeneracio sport relax Power Plant,40.46366700000001,-3.74922
Cogeneracio triangle Power Plant,37.2300993,-3.0679614
Cogeneracio urbaser Power Plant,37.2300993,-3.0679614
Cogeneracionn trademed Power Plant,37.2300993,-3.0679614
Colasem Power Plant,37.2300993,-3.0679614
Collada Power Plant,40.46366700000001,-3.74922
Collet Power Plant,37.2300993,-3.0679614
Colmenar viejo Power Plant,40.3477596,-2.886661
Colonia cortes Power Plant,37.2300993,-3.0679614
Colonia gomis Power Plant,37.2300993,-3.0679614
Colonia llaudet Power Plant,42.241805,2.3058341
Colonia moli nou Power Plant,37.2300993,-3.0679614
Colonia prat Power Plant,37.44219280000001,-6.250405
Colonia rosal Power Plant,42.0737666,1.8661665
Colonia vidal Power Plant,41.9441643,1.8814363
Comamala Power Plant,37.2300993,-3.0679614
Comarcal nuestra senora antigua Power Plant,28.3937335,-13.9376021
Comercial aymerich Power Plant,37.2300993,-3.0679614
Comercial ganadera riego Power Plant,37.2300993,-3.0679614
Comercial mirasierra sa Power Plant,40.46366700000001,-3.74922
Compania energetica para tablero Power Plant,40.46366700000001,-3.74922
Compania europea general textil Power Plant,40.46366700000001,-3.74922
Complejo carnico picos europa Power Plant,43.1872155,-4.821524
Complejo cuzco Power Plant,37.2300993,-3.0679614
Complejo hospitalario zorroaga Power Plant,40.46366700000001,-3.74922
Complejo polideportivo municipal lechera Power Plant,43.36123,-4.051521
Comunitat propietaris Power Plant,37.2300993,-3.0679614
Conchita Power Plant,37.2300993,-3.0679614
Congizardi s.l Power Plant,40.46366700000001,-3.74922
Congosto Power Plant,42.6181348,-6.5203088
Conselleria sanidad plana Power Plant,39.4751305,-0.3605747
Conservas garavilla Power Plant,40.46366700000001,-3.74922
Consorci sanitari selva Power Plant,41.68724419999999,2.8021709
Consuegra Power Plant,39.4903746,-3.682608
Contrasta Power Plant,42.907924,-2.674291
Contreras mirasol Power Plant,40.46366700000001,-3.74922
Conva Power Plant,37.2300993,-3.0679614
Cooperativa agricola blas s.coop. Power Plant,41.9950608,-1.5143376
Cooperativa viviendas jovenes orcasitas Power Plant,40.3692642,-3.7149177
Cooperativas a. albacetenses Power Plant,40.46366700000001,-3.74922
Cooperativas orensanas Power Plant,40.46366700000001,-3.74922
Coosur Power Plant,37.2300993,-3.0679614
Corcoesto Power Plant,43.2241558,-8.8397243
Cordinanes Power Plant,43.1675534,-4.903618
Coreses Power Plant,41.54759689999999,-5.620825099999999
Coreysa Power Plant,37.243631,-5.110437999999999
Coromina Power Plant,41.9090617,1.6936863
Corporacion alimentaria penasanta Power Plant,43.38914,-5.7802079
Cortada Power Plant,37.2300993,-3.0679614
Costa Power Plant,37.2300993,-3.0679614
Cotriles Power Plant,37.2300993,-3.0679614
Cover desing Power Plant,37.561078,-5.331544
Cripriano castello alfonso Power Plant,37.2300993,-3.0679614
Cruanyes Power Plant,37.2300993,-3.0679614
Cruces Power Plant,40.46366700000001,-3.74922
Ctr roman vega Power Plant,40.46366700000001,-3.74922
Ctru gongora nuevo Power Plant,40.46366700000001,-3.74922
Ctru tecnologico lopez soriano Power Plant,40.46366700000001,-3.74922
Cuarta Power Plant,37.2300993,-3.0679614
Cuatro palomas Power Plant,40.46366700000001,-3.74922
Cubia Power Plant,43.3101966,-6.1235782
Cucayo Power Plant,37.2300993,-3.0679614
Cuesta Power Plant,37.2300993,-3.0679614
Cueva Power Plant,37.2300993,-3.0679614
Cuevas Power Plant,37.2300993,-3.0679614
Culmasur Power Plant,37.2300993,-3.0679614
Cultivos energeticos alcala gurrea Power Plant,42.06717769999999,-0.6847179000000001
Curras Power Plant,37.2300993,-3.0679614
Curtidos mare nostrum Power Plant,37.2300993,-3.0679614
C´antius Power Plant,37.2300993,-3.0679614
D.m.t. Power Plant,40.9510612,0.8662462999999999
Ddp castileon Power Plant,37.2300993,-3.0679614
Delicatessen ermita Power Plant,40.46366700000001,-3.74922
Delise bourg saint pierre Power Plant,40.46366700000001,-3.74922
Depuradora baix llobregat Power Plant,41.3847492,1.949021
Depuradora segovia Power Plant,40.9429032,-4.108806899999999
Depuradora valladolid Power Plant,41.652251,-4.724532099999999
Depuradora valladolid e.d.a.r. Power Plant,41.652251,-4.724532099999999
Derivados colageno dercosa Power Plant,39.47446679999999,-0.6545603999999999
Desaladora dual sl Power Plant,40.46366700000001,-3.74922
Deseada Power Plant,37.2300993,-3.0679614
Diechar Power Plant,37.1148191,-3.4705481
Diego Power Plant,37.2300993,-3.0679614
Diego ampliada con re Power Plant,40.46366700000001,-3.74922
Diego re Power Plant,37.2300993,-3.0679614
Digestio anerobia granollers Power Plant,41.60619270000001,2.2870889
Diputacion foral gipuzkoa azoka Power Plant,43.0756299,-2.2236667
Dobon Power Plant,37.2300993,-3.0679614
Doctor josep trueta girona Power Plant,41.9794005,2.8214264
Dona jimena Power Plant,37.2300993,-3.0679614
Dorna Power Plant,37.2300993,-3.0679614
Dornajos Power Plant,37.2300993,-3.0679614
Duet rubi Power Plant,41.4843,2.036075
E. d. a. r. leon su alfoz Power Plant,43.5018858,-7.427319499999999
Ebaki xxi Power Plant,40.46366700000001,-3.74922
Ecay Power Plant,42.906667,-1.863333
Echauri Power Plant,42.7943874,-1.7897953
Ecoenergia integral Power Plant,40.46366700000001,-3.74922
Ecofruit desimpacto Power Plant,37.2300993,-3.0679614
Ecolink Power Plant,37.2300993,-3.0679614
Ecologica lamarca Power Plant,37.2300993,-3.0679614
Ecoparc Power Plant,37.2300993,-3.0679614
Ecoparc mediterrani s.a Power Plant,40.46366700000001,-3.74922
Ecoparque rioja Power Plant,42.2870733,-2.539603
Ecotrans Power Plant,37.2300993,-3.0679614
Ecyr martos Power Plant,37.7182399,-3.9699874
Ecyr villanueva Power Plant,37.2300993,-3.0679614
Edinja Power Plant,37.2300993,-3.0679614
Elaboradora cefalopodos Power Plant,40.46366700000001,-3.74922
Electrica Power Plant,37.5654529,-0.9514739999999999
Electricas pastor Power Plant,37.2300993,-3.0679614
Elkorri Power Plant,37.2300993,-3.0679614
Elordi Power Plant,37.2300993,-3.0679614
Eloy Power Plant,37.2300993,-3.0679614
Elpozo mw Power Plant,37.2300993,-3.0679614
Els condals Power Plant,40.46366700000001,-3.74922
Els salts Power Plant,40.46366700000001,-3.74922
Elyo sant joan Power Plant,40.46366700000001,-3.74922
Emasa guadalhorce Power Plant,36.70448,-4.5729258
Emasagra Power Plant,37.1710143,-3.5909838
Embalajes cajas Power Plant,41.4780957,1.8811049
Embalajes pamplona Power Plant,42.812526,-1.6457745
Embutidos palacios Power Plant,37.2300993,-3.0679614
Embutidos rodriguez Power Plant,42.329409,-5.89262
Emesa precesa Power Plant,37.2300993,-3.0679614
Emssa gava Power Plant,41.2987914,1.9930466
Endarlaza Power Plant,37.2300993,-3.0679614
Enemansa Power Plant,39.2159581,-3.4430156
Enercorr bellcaire Power Plant,42.0792042,3.0958224
Energias margua Power Plant,37.2300993,-3.0679614
Enerlasa Power Plant,37.2300993,-3.0679614
Enerser Power Plant,40.46366700000001,-3.74922
Enersur siglo Power Plant,40.46366700000001,-3.74922
Enervap unificada con re Power Plant,40.46366700000001,-3.74922
Enesval Power Plant,37.2300993,-3.0679614
Ennotex Power Plant,39.2172907,-1.0507081
Enrique ramon borja Power Plant,40.45494559999999,-3.4888705
Entidad pca s. aguas resid. algoros Power Plant,38.2459852,-0.7102750999999999
Entrepinares Power Plant,37.2300993,-3.0679614
Enusa Power Plant,40.46366700000001,-3.74922
Envases urena Power Plant,37.2300993,-3.0679614
Epifanio campo Power Plant,40.46366700000001,-3.74922
Era nova Power Plant,40.46366700000001,-3.74922
Erca cinco villas Power Plant,42.1516737,-1.135302
Ercetesa Power Plant,37.2300993,-3.0679614
Ercros industrial sa Power Plant,40.46366700000001,-3.74922
Erdoizta Power Plant,43.234111,-2.7501896
Ermetosa Power Plant,37.2300993,-3.0679614
Ermida Power Plant,37.2300993,-3.0679614
Erramontxo Power Plant,37.2300993,-3.0679614
Errotabarri Power Plant,43.2643288,-2.9342607
Errotaberri Power Plant,37.2300993,-3.0679614
Ervisa Power Plant,37.2300993,-3.0679614
Esasa Power Plant,37.2300993,-3.0679614
Escarra Power Plant,42.738719,-0.3701753
Escayolas lodosa Power Plant,42.4227403,-2.0773029
Esclusa Power Plant,37.2300993,-3.0679614
Esperanza Power Plant,37.2300993,-3.0679614
Espina Power Plant,37.2300993,-3.0679614
Espuna Power Plant,37.2300993,-3.0679614
Espuny moron Power Plant,37.13312060000001,-5.4572425
Estacion depuradora aguas residuales alcoy Power Plant,38.6987066,-0.4810937
Estanca Power Plant,37.2300993,-3.0679614
Estilos ceramicos Power Plant,40.46366700000001,-3.74922
Estremera Power Plant,40.3477596,-2.886661
Estucer Power Plant,37.2300993,-3.0679614
Experimental xustas Power Plant,43.1816772,-7.482137
Explotacion porcina integral Power Plant,40.4291656,-3.7188444
Ezpaleo Power Plant,37.2300993,-3.0679614
Fabrica harinas Power Plant,37.2300993,-3.0679614
Fabrica industrial cartonera mengibar smurfitt kappa espana Power Plant,37.9795232,-3.7978903
Fabrica nova Power Plant,37.2300993,-3.0679614
Fabrica paper Power Plant,37.2300993,-3.0679614
Fabrica piensos cuarte Power Plant,42.117705,-0.4705844999999999
Fabrica textil filpur Power Plant,37.2300993,-3.0679614
Fabrica vella Power Plant,40.46366700000001,-3.74922
Fabricacion envases industriales Power Plant,37.2300993,-3.0679614
Fagollaga Power Plant,43.2484427,-1.9515039
Farga Power Plant,40.46366700000001,-3.74922
Farinera bellver Power Plant,39.5643519,2.6176868
Farmhispania Power Plant,40.46366700000001,-3.74922
Fausto Power Plant,37.2300993,-3.0679614
Feiraco ampl. re Power Plant,40.46366700000001,-3.74922
Feiraco ampliada con re Power Plant,40.46366700000001,-3.74922
Feitus Power Plant,37.2300993,-3.0679614
Fenosa Power Plant,36.7489399,-4.563206699999999
Feria muestrario internacional valencia Power Plant,39.5046216,-0.4280109
Fernandina Power Plant,40.46366700000001,-3.74922
Fernando Power Plant,37.2300993,-3.0679614
Ferre Power Plant,37.2300993,-3.0679614
Ferreras Power Plant,37.2300993,-3.0679614
Ferrerias Power Plant,40.46366700000001,-3.74922
Ferrovial servicios Power Plant,40.46366700000001,-3.74922
Fertiberia Power Plant,37.2300993,-3.0679614
Fibracolor Power Plant,37.2300993,-3.0679614
Filats Power Plant,37.2300993,-3.0679614
Filtex Power Plant,40.46366700000001,-3.74922
Finaltair Power Plant,37.2300993,-3.0679614
Finca barciles Power Plant,37.2300993,-3.0679614
Finca esperanza mula Power Plant,40.46366700000001,-3.74922
Finca esperanza pliego Power Plant,37.9793819,-1.5111806
Finca feliper Power Plant,37.2300993,-3.0679614
Fiv ondulados Power Plant,40.46366700000001,-3.74922
Flaca Power Plant,42.0450143,2.9625587
Flecha Power Plant,37.2300993,-3.0679614
Flor Power Plant,40.46366700000001,-3.74922
Fmc foret forel Power Plant,37.2300993,-3.0679614
Font riu Power Plant,40.46366700000001,-3.74922
Ford espana Power Plant,39.319351,-0.4124671
Forestal atlantico Power Plant,43.459055,-8.234553
Forrajes proteinas Power Plant,37.2300993,-3.0679614
Forsean bretos Power Plant,37.2300993,-3.0679614
Fotovoltaica abellan isidro abellan juste Power Plant,40.46366700000001,-3.74922
Fotovoltaica muimenta Power Plant,43.2562649,-7.439494700000001
Foxo Power Plant,37.2300993,-3.0679614
Francisco javier maria leticia Power Plant,40.46366700000001,-3.74922
Franquia Power Plant,37.2300993,-3.0679614
Freser Power Plant,37.2300993,-3.0679614
Fricosa Power Plant,37.2300993,-3.0679614
Fromista Power Plant,42.2676329,-4.405349699999999
Fuel cell Power Plant,40.46366700000001,-3.74922
Fuenrosario Power Plant,37.2300993,-3.0679614
Fuensalida Power Plant,40.0510725,-4.2102716
Fuente alamo Power Plant,37.7217494,-1.1719422
Fuente tio herrero Power Plant,40.46366700000001,-3.74922
Fuentermosa Power Plant,37.2300993,-3.0679614
Fundacion estadio sociedad deportiva Power Plant,42.83685029999999,-2.6903974
Fundiciones vera s. a. funvera Power Plant,40.46366700000001,-3.74922
Gadea hermanos Power Plant,37.2300993,-3.0679614
Gafa Power Plant,37.2300993,-3.0679614
Gaizka aurteneche landa Power Plant,40.46366700000001,-3.74922
Galdakao Power Plant,43.2643288,-2.9342607
Galesa Power Plant,37.2300993,-3.0679614
Galicia textil Power Plant,42.5750554,-8.1338558
Gallega residuos ganaderos sa Power Plant,40.46366700000001,-3.74922
Galletas gullon fabrica Power Plant,37.2300993,-3.0679614
Gallifa Power Plant,41.419238,2.2268169
Gallipienzo Power Plant,42.5240987,-1.410503
Galobart Power Plant,37.2300993,-3.0679614
Garcia cuesta Power Plant,40.46366700000001,-3.74922
Garde Power Plant,37.2300993,-3.0679614
Gardelegui Power Plant,42.8234664,-2.6766462
Garganta ancha Power Plant,39.8060053,-5.6868021
Garogres Power Plant,37.2300993,-3.0679614
Gasificacion Power Plant,37.2300993,-3.0679614
Gasificacion residuos Power Plant,37.2300993,-3.0679614
Gaspar peral cia Power Plant,40.46366700000001,-3.74922
Gavilanes Power Plant,37.2300993,-3.0679614
Gaxate Power Plant,37.2300993,-3.0679614
Gedesma Power Plant,37.2300993,-3.0679614
Gegsa Power Plant,37.2300993,-3.0679614
Generacion albacete Power Plant,38.994349,-1.8585424
Generacion electrica Power Plant,39.2172907,-1.0507081
Generacion electrica con merida mw Power Plant,40.46366700000001,-3.74922
Generacion electrica r.s.u. abanilla Power Plant,38.2051808,-1.0406601
Generacion gorguel fase Power Plant,40.46366700000001,-3.74922
Generacion htn Power Plant,40.46366700000001,-3.74922
Generacion peninsular Power Plant,37.2300993,-3.0679614
Generacion pobre por semicombustion gasificador produccion elec Power Plant,40.46366700000001,-3.74922
Generador r.s.u. lorca Power Plant,37.6735925,-1.6968357
General Power Plant,37.2300993,-3.0679614
General agricola cabra Power Plant,40.46366700000001,-3.74922
General castellon Power Plant,40.1451772,-0.1494988
Gequisa Power Plant,37.2300993,-3.0679614
Gerdiz Power Plant,43.55166699999999,-7.616667
Gerindote Power Plant,39.9657403,-4.3025876
Gesbrick Power Plant,37.2300993,-3.0679614
Gespal paloma Power Plant,37.2300993,-3.0679614
Gestalgar Power Plant,39.2172907,-1.0507081
Gestoliva Power Plant,37.2300993,-3.0679614
Getesa Power Plant,37.2300993,-3.0679614
Getino Power Plant,37.2300993,-3.0679614
Gleva Power Plant,37.2300993,-3.0679614
Global plasma environment Power Plant,40.46366700000001,-3.74922
Gohlhaus lützelflüh Power Plant,46.96929979999999,7.2697497
Goizueta Power Plant,43.1722936,-1.8641509
Gollizno Power Plant,40.46366700000001,-3.74922
Gomez rodulfo Power Plant,37.2300993,-3.0679614
Gongora Power Plant,40.46366700000001,-3.74922
Gorgol Power Plant,37.2300993,-3.0679614
Gormaz Power Plant,41.4924605,-3.0047501
Gosalvez Power Plant,37.2300993,-3.0679614
Gotera Power Plant,37.2300993,-3.0679614
Grabisa Power Plant,37.2300993,-3.0679614
Gradišče Power Plant,45.9380375,15.5157897
Grajas Power Plant,37.2300993,-3.0679614
Gran balneario aguas minero medicinales Power Plant,41.3169685,-1.6422613
Granada Power Plant,37.2300993,-3.0679614
Grancasa Power Plant,41.6708386,-0.8900155999999999
Granja avicola villaseca Power Plant,40.46366700000001,-3.74922
Granja milagros Power Plant,41.587114,-3.6876803
Granollers Power Plant,41.5917621,2.266477
Grau Power Plant,37.2300993,-3.0679614
Greenport solutions Power Plant,37.2300993,-3.0679614
Gres dur Power Plant,40.46366700000001,-3.74922
Gres luna Power Plant,40.46366700000001,-3.74922
Gres valls factoria Power Plant,41.2854449,1.2494589
Grevolosa Power Plant,37.2300993,-3.0679614
Grido Power Plant,37.2300993,-3.0679614
Guadalete Power Plant,36.6607866,-5.8399177
Guadalhorce guadalteba Power Plant,36.70448,-4.5729258
Gualba Power Plant,41.419238,2.2268169
Guardiola Power Plant,40.46366700000001,-3.74922
Guarro casas Power Plant,40.46366700000001,-3.74922
Guascor Power Plant,37.2300993,-3.0679614
Guascor ingenieria sa Power Plant,40.46366700000001,-3.74922
Guera Power Plant,37.2300993,-3.0679614
Gueyu zarambral Power Plant,37.2300993,-3.0679614
Guissona closa Power Plant,41.784519,1.2903074
Guixa Power Plant,37.2300993,-3.0679614
Guixaro Power Plant,41.9962201,1.8864211
Guixers Power Plant,42.1374541,1.6422975
Guma Power Plant,37.2300993,-3.0679614
Guriezo inferior Power Plant,43.3393676,-3.318747
Guriezo superior Power Plant,43.3393676,-3.318747
Gurrea gallego Power Plant,40.46366700000001,-3.74922
Gw atletica Power Plant,37.2300993,-3.0679614
Hadasa Power Plant,37.2300993,-3.0679614
Haminan höyrykattilalaitos Power Plant,60.5693374,27.1878317
Hammer Power Plant,47.516231,14.550072
Handeck Power Plant,46.818188,8.227511999999999
Hanhikoski Power Plant,62.96224759999999,22.7105369
Harabacka Power Plant,60.37067799999999,26.3466351
Harinas derivados ibarrondo Power Plant,37.2300993,-3.0679614
Harinas madera Power Plant,37.2300993,-3.0679614
Harinas vazquez Power Plant,37.2300993,-3.0679614
Hartman Power Plant,37.2300993,-3.0679614
Hattarfors Power Plant,61.23592949999999,21.4347339
Hc tudela abono Power Plant,42.0613816,-1.6063169
Heinola Power Plant,60.1921359,24.9382276
Helados alacant Power Plant,38.383121,-0.5046579999999999
Hera amasa Power Plant,37.2300993,-3.0679614
Herand Power Plant,42.246413,2.163751
Hermanitas ancianos desamparados Power Plant,40.4229917,-3.6857085
Hermanos diaz redondo Power Plant,40.017746,-3.856533
Hermanos jerez Power Plant,36.6850064,-6.126074399999999
Hermanos ortiz bravo Power Plant,40.46366700000001,-3.74922
Hermanos santamaria munoz Power Plant,37.2300993,-3.0679614
Hidr. peralejo Power Plant,40.5400033,-4.1248312
Hidraulica guadalimar Power Plant,38.0443156,-3.6257177
Hidro Power Plant,37.2300993,-3.0679614
Hidroescarps Power Plant,37.2300993,-3.0679614
Hidroescoron minicentral rio arba Power Plant,41.9374289,-1.2674715
Hidroiguna lugar yera Power Plant,43.139444,-3.758333
Hijos f.moratal ampliada con re Power Plant,40.46366700000001,-3.74922
Hijos f.moratal re Power Plant,40.46366700000001,-3.74922
Hijos federico lis Power Plant,40.46366700000001,-3.74922
Hijos francisco gaya fores fabrica Power Plant,39.9580764,-0.2131322
Hijos j.c.hernandez Power Plant,40.46366700000001,-3.74922
Hijos martinez Power Plant,37.2300993,-3.0679614
Hilaturas bejar Power Plant,40.3871165,-5.7642172
Hilaturas noguera Power Plant,40.46366700000001,-3.74922
Hinkismäki Power Plant,61.23592949999999,21.4347339
Hinojar Power Plant,38.287775,-1.600145
Hipercor Power Plant,40.46366700000001,-3.74922
Hiroelectrica guarda Power Plant,37.2300993,-3.0679614
Hiroelectrica molinos Power Plant,37.2300993,-3.0679614
Hiroelectrica moratalla Power Plant,38.1893185,-1.891609
Hiroelectrica partidor Power Plant,37.2300993,-3.0679614
Hirzbach Power Plant,47.22268469999999,12.8050477
Hoikankangas kajaanin sähkölaitos Power Plant,64.1991579,27.7175965
Hongos jara Power Plant,39.6279947,-4.976654
Honorio Power Plant,37.2300993,-3.0679614
Horcajo Power Plant,39.8060053,-5.6868021
Hornillos eresma Power Plant,41.3666138,-4.7193461
Horta Power Plant,41.4333025,2.155286
Horta medio ambiente Power Plant,40.46366700000001,-3.74922
Horticultura bellmunt lleida alpha Power Plant,37.2300993,-3.0679614
Hosteria castellana Power Plant,40.438936,-3.691599
Hostetbach ag Power Plant,47.36559399999999,7.967837500000001
Hotel atenea Power Plant,41.5307756,2.4439261
Hotel becquer Power Plant,37.3890379,-6.0000202
Hotel ciutat granollers alpha Power Plant,41.6010707,2.2960458
Hotel le meridien ra Power Plant,41.1867622,1.5620008
Hotel liber Power Plant,43.4907072,-3.5232624
Hoya garcia ampli. Power Plant,40.46366700000001,-3.74922
Huermeda Power Plant,41.3820711,-1.5929398
Huerna Power Plant,40.46366700000001,-3.74922
Huerta baja Power Plant,40.9683841,-5.4677769
Huertas Power Plant,37.2300993,-3.0679614
Huesca Power Plant,42.131845,-0.4078058
Huesna Power Plant,37.7673386,-5.6867227
Husillos Power Plant,42.08981,-4.5269923
Hyötyvoimalaitos Power Plant,61.92410999999999,25.7481511
Hämeenkyrö lä Power Plant,61.23592949999999,21.4347339
I.f. liguerzana Power Plant,42.85724039999999,-4.4584138
Ibarrea Power Plant,37.2300993,-3.0679614
Iberfruta Power Plant,42.3151356,-1.9015513
Iberfruta muerza bebe Power Plant,42.3151356,-1.9015513
Iberia lineas aereas espana Power Plant,40.46366700000001,-3.74922
Iberpurin Power Plant,37.2300993,-3.0679614
Ibi Power Plant,38.6307459,-0.5446911999999999
Ibienza Power Plant,37.2300993,-3.0679614
Idae agrovert Power Plant,37.2300993,-3.0679614
Ideas proyectos tikare Power Plant,40.46366700000001,-3.74922
Idm Power Plant,37.2300993,-3.0679614
Igaran Power Plant,37.2300993,-3.0679614
Iglesias Power Plant,37.2300993,-3.0679614
Ihabar Power Plant,42.91918709999999,-1.9170822
Ikaztegieta Power Plant,43.0938938,-2.1235447
Ilerprotein Power Plant,37.2300993,-3.0679614
Ilomantsin pellettitehdas Power Plant,62.66788529999999,30.939491
Imatran Power Plant,61.1695977,28.7645463
Imdea Power Plant,40.3398744,-3.8802167
Immodo asprona villarrobledo_ maria sanchez Power Plant,39.2683154,-2.6015635
Inacsa Power Plant,40.46366700000001,-3.74922
Inama Power Plant,37.2300993,-3.0679614
Incedisa Power Plant,37.2300993,-3.0679614
Incineradora Power Plant,37.2300993,-3.0679614
Incoazul Power Plant,37.2300993,-3.0679614
Incubacion avicola Power Plant,37.2300993,-3.0679614
Incusa Power Plant,40.46366700000001,-3.74922
Indasa para deshidratado alfalfas otros productos vegetales Power Plant,42.131603,-1.175922
Indipunt Power Plant,37.2300993,-3.0679614
Indulleida Power Plant,41.71411430000001,0.5955792
Indusi Power Plant,37.2300993,-3.0679614
Industria papelera nesa Power Plant,40.46366700000001,-3.74922
Industria tratam. altorricon Power Plant,41.8015655,0.4131072
Industrial quesera cuquerella Power Plant,37.2300993,-3.0679614
Industrias alegre Power Plant,39.388971,-0.395329
Industrias angel martinez lopez Power Plant,40.46366700000001,-3.74922
Industrias climber Power Plant,37.44219280000001,-6.250405
Industrias duero Power Plant,40.3780587,-3.6392926
Industrias peleteras Power Plant,38.9559162,-0.5950589
Industrias roko Power Plant,43.423609,-5.817687
Ingenieria ambiental granadina Power Plant,37.2300993,-3.0679614
Ingenieria urbana inusa Power Plant,37.2300993,-3.0679614
Inmobal sa Power Plant,37.2300993,-3.0679614
Inmobiliaria bitxor Power Plant,40.46366700000001,-3.74922
Instalacion kw. Power Plant,40.46366700000001,-3.74922
Instalacion pabellon polideportivo vicente trueba Power Plant,43.3443432,-4.0497105
Instalacion trigeneracion Power Plant,40.46366700000001,-3.74922
Insuamar Power Plant,37.2300993,-3.0679614
Insuina Power Plant,37.2300993,-3.0679614
Interbon Power Plant,37.2300993,-3.0679614
Interpanel Power Plant,37.2300993,-3.0679614
Intza Power Plant,43.0140094,-1.9945761
Invernadero Power Plant,37.2300993,-3.0679614
Invernadero para cultivo hidroponico forraje Power Plant,40.46366700000001,-3.74922
Inversiones setabenses molla Power Plant,37.2300993,-3.0679614
Invetem mediterranea Power Plant,37.2300993,-3.0679614
Inzoa Power Plant,37.2300993,-3.0679614
Iparlat Power Plant,43.2360453,-1.9951045
Irauregui Power Plant,37.2300993,-3.0679614
Iribas Power Plant,42.988639,-1.9049453
Iriscrom Power Plant,37.2300993,-3.0679614
Irugurutzeta Power Plant,37.2300993,-3.0679614
Irura Power Plant,43.1675849,-2.0683581
Irurzun Power Plant,42.9192528,-1.8275668
Isaba Power Plant,42.8606803,-0.9241533999999999
Isabela Power Plant,37.2300993,-3.0679614
Isidro Power Plant,37.2300993,-3.0679614
Italcogeneracion Power Plant,37.2300993,-3.0679614
Iurreta Power Plant,43.17697829999999,-2.633813
Izbor Power Plant,37.2300993,-3.0679614
J.ruiz hijos Power Plant,40.46366700000001,-3.74922
J.vilaseca Power Plant,41.38956719999999,2.1730987
J.y p. balaguer Power Plant,61.92410999999999,25.7481511
Javier Power Plant,40.46366700000001,-3.74922
Jerez Power Plant,36.7060593,-6.1009587
Jevaso Power Plant,43.320595,-8.500183200000002
Jgc daimiel Power Plant,39.0566787,-3.6217802
Joaquines Power Plant,37.2300993,-3.0679614
Jorge Power Plant,40.46366700000001,-3.74922
Jornets Power Plant,39.6774379,2.9363346
Jose pineiro gonzalez hijos Power Plant,42.1269634,-8.6562512
Josefina Power Plant,37.2300993,-3.0679614
Jouttikallio Power Plant,61.23592949999999,21.4347339
Jover a.i.e. Power Plant,40.46366700000001,-3.74922
Juan linuesa diaz Power Plant,37.2300993,-3.0679614
Juan pozo sanchez Power Plant,40.46366700000001,-3.74922
Juanjo Power Plant,37.2300993,-3.0679614
Jumisa Power Plant,37.2300993,-3.0679614
Jumsal Power Plant,37.2300993,-3.0679614
Järvelän vaneritehdas Power Plant,61.23592949999999,21.4347339
Järvenpää Power Plant,60.4702759,25.0873437
Kaaranneskoski Power Plant,61.23592949999999,21.4347339
Kaarni Power Plant,61.23592949999999,21.4347339
Kalajärvi Power Plant,62.5601825,23.1331854
Kankaanpää Power Plant,61.23592949999999,21.4347339
Karvetti Power Plant,60.457203,22.0559302
Kaskinen lv ja vp Power Plant,62.3822834,21.2277852
Kauman Power Plant,37.2300993,-3.0679614
Keraben Power Plant,37.2300993,-3.0679614
Kirakkaköngäs Power Plant,61.23592949999999,21.4347339
Klavžarica Power Plant,45.9380375,15.5157897
Kleinwasserkraftwerk bürglen Power Plant,46.8761523,8.664463099999999
Kleinwasserkraftwerk steineraa Power Plant,47.0744512,8.6485675
Knežke ravne Power Plant,46.2847499,13.8229288
Kraft Power Plant,40.46366700000001,-3.74922
Kraslan Power Plant,37.2300993,-3.0679614
Krompachy Power Plant,48.9154898,20.8734034
Kumpuniemi Power Plant,61.92410999999999,25.7481511
Kuokkastenkoski Power Plant,63.5407488,28.9551713
Kuopio savon sellu Power Plant,62.89796999999999,27.6781725
Kuurna Power Plant,62.7051375,29.8743294
Kuusankoski ve Power Plant,60.9069253,26.6243555
Käenkoski Power Plant,62.913915,30.9489281
Laboratoris grifols Power Plant,40.46366700000001,-3.74922
Lacorzana Power Plant,37.2300993,-3.0679614
Lacteas castellano leonesas Power Plant,41.5283094,-5.571859400000001
Lacunza Power Plant,43.2919631,-1.9868072
Ladrillera murciana Power Plant,38.125256,-1.073441
Ladrillos nieves Power Plant,37.2300993,-3.0679614
Lagoa Power Plant,37.2300993,-3.0679614
Lalcora Power Plant,40.0746462,-0.2139151
Lamiategui Power Plant,37.2300993,-3.0679614
Lancara Power Plant,42.8342608,-7.3192542
Lanzahita Power Plant,40.2052477,-4.9337946
Lapua Power Plant,62.97677700000001,23.017767
Lardero Power Plant,42.4276986,-2.4616508
Larraun Power Plant,42.9934,-1.9392435
Lastaola Power Plant,37.2300993,-3.0679614
Latasa Power Plant,42.9550472,-1.8231483
Laupago Power Plant,37.2300993,-3.0679614
Lavadero bernardo Power Plant,40.46366700000001,-3.74922
Lavaderos europa martorell beta Power Plant,41.491317,1.911149
Laviana Power Plant,43.2148555,-5.5407299
Lavintex Power Plant,37.2300993,-3.0679614
Lazaro Power Plant,37.2300993,-3.0679614
Lecha gaza Power Plant,37.2300993,-3.0679614
Leche celta Power Plant,37.2300993,-3.0679614
Leche pascual Power Plant,40.46366700000001,-3.74922
Ledesma Power Plant,40.46366700000001,-3.74922
Leones Power Plant,42.6164305,-6.5673167
Lera Power Plant,40.46366700000001,-3.74922
Les farettes Power Plant,46.3169473,6.9842857
Les hortes Power Plant,40.46366700000001,-3.74922
Les illes Power Plant,39.3587759,2.7356328
Les marcetes Power Plant,37.2300993,-3.0679614
Leycesa Power Plant,37.2300993,-3.0679614
Liasa Power Plant,40.46366700000001,-3.74922
Lieksa kevätniemi Power Plant,63.3185051,30.02645279999999
Liguerzana Power Plant,42.85724039999999,-4.4584138
Limia Power Plant,37.2300993,-3.0679614
Linares arroyo Power Plant,37.2300993,-3.0679614
Linasa Power Plant,37.2300993,-3.0679614
Lingegas Power Plant,37.2300993,-3.0679614
Liunankoski Power Plant,61.23592949999999,21.4347339
Lladro Power Plant,37.2300993,-3.0679614
Llanars Power Plant,42.3205278,2.3439807
Llanes Power Plant,43.4211483,-4.7562159
Llong cn sabadell Power Plant,41.5462745,2.1086131
Llum Power Plant,37.2300993,-3.0679614
Lodos Power Plant,37.2300993,-3.0679614
Logrono Power Plant,42.4627195,-2.4449852
Lojaprend icesa u.t.e. Power Plant,40.46366700000001,-3.74922
Loma Power Plant,37.2300993,-3.0679614
Lomilla Power Plant,42.76318879999999,-4.2993795
Lonasa pinto Power Plant,37.2300993,-3.0679614
Lorca Power Plant,37.6735925,-1.6968357
Lorca enercorr xxi Power Plant,37.2300993,-3.0679614
Lorcha Power Plant,37.2300993,-3.0679614
Lorente Power Plant,37.2300993,-3.0679614
Lorenzo Power Plant,37.2300993,-3.0679614
Losa Power Plant,40.8541401,-4.1622543
Losan Power Plant,37.2300993,-3.0679614
Louredal Power Plant,43.3964302,-7.130006799999999
Loureiro Power Plant,37.2300993,-3.0679614
Lubrisur Power Plant,37.2300993,-3.0679614
Lugan Power Plant,42.7696394,-5.334433799999999
Lugar rio Power Plant,42.31,-2.880278
Luis andujar Power Plant,38.2054888,-4.028678
Maceira Power Plant,37.2300993,-3.0679614
Maderas besteiro Power Plant,42.986663,-7.5956426
Maderas betanzos Power Plant,43.2784298,-8.213123399999999
Maderas francisco irizar Power Plant,40.46366700000001,-3.74922
Maderas garnica Power Plant,37.2300993,-3.0679614
Maderas gondarino Power Plant,37.2300993,-3.0679614
Maderas iglesias Power Plant,37.2300993,-3.0679614
Maderas lekeitio fase Power Plant,43.3672101,-2.5074163
Maderas mendana Power Plant,37.2300993,-3.0679614
Maderas pedro marcos maria Power Plant,41.9755042,-3.1392896
Magunas Power Plant,37.2300993,-3.0679614
Maire Power Plant,37.2300993,-3.0679614
Maitena Power Plant,37.2300993,-3.0679614
Mal pas Power Plant,37.2300993,-3.0679614
Malagarriga Power Plant,37.2300993,-3.0679614
Malars Power Plant,37.2300993,-3.0679614
Malpesa Power Plant,37.2300993,-3.0679614
Mambla Power Plant,37.2300993,-3.0679614
Manan Power Plant,40.46366700000001,-3.74922
Manueles Power Plant,37.2300993,-3.0679614
Manufacturas Power Plant,37.2300993,-3.0679614
Manufacturas estambre Power Plant,37.2300993,-3.0679614
Manzaneque Power Plant,39.6352231,-3.7930449
Mapfre Power Plant,37.2300993,-3.0679614
Mapisa Power Plant,37.2300993,-3.0679614
Maquilon Power Plant,37.2300993,-3.0679614
Marazzi Power Plant,37.2300993,-3.0679614
Marcasa Power Plant,37.2300993,-3.0679614
Marcial gonzalez Power Plant,40.46366700000001,-3.74922
Marcilla Power Plant,42.32782220000001,-1.7380647
Maria dolores Power Plant,40.46366700000001,-3.74922
Marie claire Power Plant,37.2300993,-3.0679614
Marina besos Power Plant,37.2300993,-3.0679614
Marina dor Power Plant,40.46366700000001,-3.74922
Marinejo Power Plant,39.8060053,-5.6868021
Marmota Power Plant,37.2300993,-3.0679614
Marof Power Plant,45.9380375,15.5157897
Martel Power Plant,37.2300993,-3.0679614
Martiartu aie Power Plant,43.20280020000001,-2.8885793
Martinete Power Plant,37.2300993,-3.0679614
Martis Power Plant,37.2300993,-3.0679614
Mas matas rehabilitacion Power Plant,40.8333537,-0.2420576
Masustanegico Power Plant,37.2300993,-3.0679614
Mata Power Plant,37.2300993,-3.0679614
Mata pinana Power Plant,37.2300993,-3.0679614
Matabosc Power Plant,37.2300993,-3.0679614
Matadero comarcal deza Power Plant,37.2300993,-3.0679614
Matallana Power Plant,41.056111,-3.339444
Matallana torio Power Plant,40.46366700000001,-3.74922
Mateo Power Plant,37.2300993,-3.0679614
Mayor Power Plant,37.4178642,-6.2770557
Mayor cv Power Plant,40.46366700000001,-3.74922
Mazarron Power Plant,37.5991727,-1.3114923
Mazonovo Power Plant,43.3567245,-7.106413099999999
Mecalux cornella Power Plant,41.3573827,2.0707159
Mella Power Plant,37.2300993,-3.0679614
Menchu Power Plant,37.2300993,-3.0679614
Mendaraz Power Plant,37.2300993,-3.0679614
Menju Power Plant,37.2300993,-3.0679614
Merca Power Plant,40.46366700000001,-3.74922
Mercadona Power Plant,37.2300993,-3.0679614
Mercerizados guasch Power Plant,37.2300993,-3.0679614
Meruelo Power Plant,43.4371294,-3.5913939
Merza Power Plant,37.2300993,-3.0679614
Mesogen Power Plant,40.46366700000001,-3.74922
Meson Power Plant,37.2300993,-3.0679614
Metarnhel Power Plant,37.2300993,-3.0679614
Mezonzo Power Plant,40.46366700000001,-3.74922
Miajadas Power Plant,39.1547405,-5.9021324
Micro cesar maese alonso Power Plant,43.5079887,-5.6738135
Micro hidraulica Power Plant,37.2300993,-3.0679614
Micro hidraulica quiebre Power Plant,37.2300993,-3.0679614
Micro residencia montepio Power Plant,37.2300993,-3.0679614
Micro valparaiso Power Plant,41.9913233,-6.3020076
Microcamocha Power Plant,37.2300993,-3.0679614
Microcog. acs edif. viviendas Power Plant,40.46366700000001,-3.74922
Microcogeneracio mare deu port Power Plant,40.46366700000001,-3.74922
Microcogeneracion andromeda Power Plant,40.46366700000001,-3.74922
Microcogeneracion carbajal Power Plant,37.2300993,-3.0679614
Microcogeneracion centro deportivo sidecu Power Plant,37.2300993,-3.0679614
Microcogeneracion colegio mayor menendez pelayo Power Plant,41.6528756,-4.720902
Microcogeneracion fasad Power Plant,40.46366700000001,-3.74922
Microcogeneracion getafe Power Plant,40.3082504,-3.7323934
Microcogeneracion penafiel Power Plant,41.5984715,-4.124511500000001
Microcogeneracion perseo Power Plant,37.2300993,-3.0679614
Microcogeneracion roces residencial Power Plant,37.2300993,-3.0679614
Microgeneracion chopera Power Plant,40.3948356,-3.6995988
Microgeneracion hotel sancho abarca s. l. Power Plant,42.1395367,-0.4105475
Microgeneracion pablo gorosabel Power Plant,40.46366700000001,-3.74922
Microvipasa roces aca Power Plant,40.46366700000001,-3.74922
Migasa roda Power Plant,37.266681,-5.925571
Miguel Power Plant,38.6442233,-6.734282599999999
Millas hijos Power Plant,40.46366700000001,-3.74922
Millenium barcelona Power Plant,41.3850639,2.1734035
Minera catalano aragonesa Power Plant,40.46366700000001,-3.74922
Minicentral Power Plant,37.2300993,-3.0679614
Minicentral embalse laverne. Power Plant,40.46366700000001,-3.74922
Minicentral jalon regimen fluyente Power Plant,40.46366700000001,-3.74922
Minihidraulica rincon rehabi. daltos Power Plant,40.46366700000001,-3.74922
Minilla Power Plant,37.2300993,-3.0679614
Minilla antes somapre Power Plant,40.46366700000001,-3.74922
Mino Power Plant,37.2300993,-3.0679614
Mintxate Power Plant,37.2300993,-3.0679614
Mira Power Plant,37.2300993,-3.0679614
Miramento Power Plant,37.2300993,-3.0679614
Mirat Power Plant,37.2300993,-3.0679614
Mitjans Power Plant,37.2300993,-3.0679614
Mitlödi seidendruckerei Power Plant,47.0106005,9.0799644
Miudina Power Plant,37.2300993,-3.0679614
Modulo orc ciclo organico rankine pellets asturias Power Plant,43.3613953,-5.8593267
Moinsa Power Plant,37.2300993,-3.0679614
Mojon blanco Power Plant,37.2300993,-3.0679614
Mola ayto llavorsi modif. sustancial Power Plant,42.495852,1.2100295
Molgas grainto Power Plant,40.4483404,-3.4994867
Moli Power Plant,37.2300993,-3.0679614
Moli casso Power Plant,40.46366700000001,-3.74922
Moli den daina Power Plant,37.2300993,-3.0679614
Moli den monegal Power Plant,40.46366700000001,-3.74922
Moli foix Power Plant,40.46366700000001,-3.74922
Moli fondo Power Plant,42.2140554,2.5108749
Moli nou Power Plant,37.2300993,-3.0679614
Moli pals Power Plant,41.9851158,3.1679257
Molinos Power Plant,36.6607866,-5.8399177
Molinos castilla Power Plant,39.2795607,-3.097702
Molinos soto Power Plant,43.3079305,-5.878681500000001
Molinot Power Plant,41.419238,2.2268169
Molla Power Plant,37.2300993,-3.0679614
Mollo Power Plant,42.3467302,2.4049853
Molto Power Plant,37.2300993,-3.0679614
Mon alc Power Plant,37.2300993,-3.0679614
Monasterio Power Plant,37.2300993,-3.0679614
Monegre Power Plant,41.8395961,-0.3748354
Monistrol Power Plant,41.611353,1.8464648
Montananesa Power Plant,37.2300993,-3.0679614
Monte isidro Power Plant,42.6400086,-5.6029705
Montegut Power Plant,37.2300993,-3.0679614
Montenartro Power Plant,42.4498132,1.2258023
Montesquiu Power Plant,42.1095379,2.2082961
Montevive Power Plant,37.2300993,-3.0679614
Montornes Power Plant,41.5468871,2.2625554
Mora Power Plant,37.2300993,-3.0679614
Morana Power Plant,37.2300993,-3.0679614
Moranchel Power Plant,40.3477596,-2.886661
Morca Power Plant,37.2300993,-3.0679614
Morella Power Plant,40.6181387,-0.1015492
Morentin Power Plant,42.6123072,-2.0144638
Mores Power Plant,37.2300993,-3.0679614
Morla Power Plant,37.2300993,-3.0679614
Motor deposito rsu salamanca Power Plant,40.9701039,-5.663539699999999
Mouriente Power Plant,37.2300993,-3.0679614
Movialsa Power Plant,37.2300993,-3.0679614
Mozola Power Plant,37.2300993,-3.0679614
Mošoň Power Plant,48.2641122,18.4532714
Možnica Power Plant,46.3813464,13.5728016
Mrzla rupa Power Plant,46.151241,14.995463
Ms mt Power Plant,37.2300993,-3.0679614
Mulegn tinizong rona Power Plant,47.5520019,8.2282497
Murfall Power Plant,47.516231,14.550072
Murgues Power Plant,37.2300993,-3.0679614
Muriedas Power Plant,43.4256732,-3.8566347
Musa Power Plant,37.2300993,-3.0679614
Musa xii Power Plant,37.2300993,-3.0679614
Museo evolucion humana burgos Power Plant,42.33837030000001,-3.6969147
Museu sanglas Power Plant,37.2300993,-3.0679614
Mustar Power Plant,37.2300993,-3.0679614
Mustio Power Plant,60.1847217,24.9695443
Mutrasa Power Plant,37.2300993,-3.0679614
Mw agrimartin fertilizantes sl. Power Plant,40.362102,-1.156182
Mw con gasificacion Power Plant,40.46366700000001,-3.74922
Mw para reduccion Power Plant,37.2300993,-3.0679614
Mw trivinos Power Plant,40.46366700000001,-3.74922
Mw villa angeles Power Plant,40.46366700000001,-3.74922
Myta maderuelo Power Plant,37.2300993,-3.0679614
Mäkipää diesel Power Plant,61.23592949999999,21.4347339
Mänttä lä Power Plant,62.03004039999999,24.6231579
Mänttä ve Power Plant,62.03186019999999,24.6229672
Nacimiento Power Plant,37.2300993,-3.0679614
Najerilla Power Plant,42.4651443,-2.7058542
Natra cacao Power Plant,39.4675615,-0.5157841
Nava Power Plant,40.46366700000001,-3.74922
Navahonda Power Plant,40.3327432,-4.4730558
Navapalos Power Plant,40.3477596,-2.886661
Navarra Power Plant,42.4743645,-2.0926367
Navarros Power Plant,37.2300993,-3.0679614
Navas mateu Power Plant,37.2300993,-3.0679614
Navasturen Power Plant,37.2300993,-3.0679614
Navita Power Plant,37.2300993,-3.0679614
Nazas Power Plant,37.2300993,-3.0679614
Neoelectra mengibar maquiz Power Plant,41.3755745,2.0752032
Nestle Power Plant,41.988186,2.7907523
Nestle ev Power Plant,37.2300993,-3.0679614
Nestle sevares Power Plant,43.3609763,-5.2565124
Niguelas Power Plant,37.2300993,-3.0679614
Nikkilä Power Plant,60.1847217,24.9695443
Nisa Power Plant,37.2300993,-3.0679614
Niserias Power Plant,37.2300993,-3.0679614
Nivala Power Plant,63.928431,24.9642446
Nivelur Power Plant,37.2300993,-3.0679614
Noel Power Plant,37.2300993,-3.0679614
Nogales Power Plant,40.46366700000001,-3.74922
Norias Power Plant,37.2300993,-3.0679614
Novo sierra fase Power Plant,37.2300993,-3.0679614
Npc Power Plant,40.46366700000001,-3.74922
Nuestra senora angosto Power Plant,43.0176603,-3.4165571
Nueva campo Power Plant,37.44219280000001,-6.250405
Nueva rendija Power Plant,40.46366700000001,-3.74922
Nuevas atomizadas Power Plant,40.1501801,0.0238733
Nufri Power Plant,37.2300993,-3.0679614
Nuintesa Power Plant,37.2300993,-3.0679614
Nulense Power Plant,37.2300993,-3.0679614
Oblanca Power Plant,37.2300993,-3.0679614
Octubre Power Plant,37.2300993,-3.0679614
Oiz Power Plant,43.0798658,-1.6906483
Olabarria Power Plant,43.2643288,-2.9342607
Olakoaga Power Plant,37.2300993,-3.0679614
Olaverri Power Plant,42.8048841,-1.4001549
Olcesa Power Plant,37.2300993,-3.0679614
Oleicola tejar Power Plant,40.46366700000001,-3.74922
Olesa montserrat Power Plant,41.5451695,1.8913371
Olextra Power Plant,37.2300993,-3.0679614
Olivetum aldebaran Power Plant,37.2300993,-3.0679614
Once paradas Power Plant,37.2878009,-5.488267899999999
Onda Power Plant,37.2300993,-3.0679614
Ondupack Power Plant,38.6954894,-6.4111769
Onduspan Power Plant,36.948686,-2.1578117
Onte Power Plant,37.2300993,-3.0679614
Onza Power Plant,37.2300993,-3.0679614
Opel espana Power Plant,40.46366700000001,-3.74922
Oquillegui Power Plant,37.2300993,-3.0679614
Orallo Power Plant,42.9698218,-6.354184399999999
Orember Power Plant,40.46366700000001,-3.74922
Orfans Power Plant,37.2300993,-3.0679614
Organos Power Plant,37.2300993,-3.0679614
Orobio Power Plant,43.1973302,-2.6707783
Oronoz Power Plant,43.132951,-1.612451
Orujera sierra sur Power Plant,37.5303192,-3.9470396
Osa vega Power Plant,37.2300993,-3.0679614
Osor Power Plant,41.9455163,2.5566339
Otsinverde Power Plant,37.2300993,-3.0679614
P.biogas digestion residuos Power Plant,40.46366700000001,-3.74922
P.cogeneracion sogama Power Plant,40.46366700000001,-3.74922
Pacheca Power Plant,37.2300993,-3.0679614
Padinki Power Plant,63.706243,22.6943562
Palmas altas trigeneracion palmas altas Power Plant,40.46366700000001,-3.74922
Palmoliva Power Plant,37.2300993,-3.0679614
Paloma Power Plant,37.2300993,-3.0679614
Panrico antes donuts galicia Power Plant,42.5750554,-8.1338558
Pantanet Power Plant,37.2300993,-3.0679614
Panzares Power Plant,42.2898331,-2.5677848
Papel aralar Power Plant,43.0474117,-2.0872059
Papelera amaroz Power Plant,37.2300993,-3.0679614
Papelera brandia Power Plant,37.2300993,-3.0679614
Papelera ecker Power Plant,37.2300993,-3.0679614
Papelera fidel Power Plant,37.2300993,-3.0679614
Papelera fresser Power Plant,37.2300993,-3.0679614
Papelera guipuzcoana Power Plant,43.0756299,-2.2236667
Papelera perales Power Plant,42.194002,-4.5808214
Papelera principado antes cog. pla Power Plant,40.46366700000001,-3.74922
Papelera silla Power Plant,37.2300993,-3.0679614
Papeles cartonajes europa Power Plant,39.8118923,-0.1628449
Papertech Power Plant,37.2300993,-3.0679614
Para industria papelera cavlo sl Power Plant,40.46366700000001,-3.74922
Para produccion agua fria absorcion para industria fabricacion Power Plant,40.46366700000001,-3.74922
Paraje alcanara Power Plant,39.7169271,-6.8822281
Parana Power Plant,37.2300993,-3.0679614
Parantalankoski Power Plant,61.23592949999999,21.4347339
Parareda Power Plant,37.2300993,-3.0679614
Paraya Power Plant,37.2300993,-3.0679614
Parc segre Power Plant,37.2300993,-3.0679614
Pardines Power Plant,42.3032715,2.2335066
Parquesur Power Plant,37.2300993,-3.0679614
Parquets hernandez Power Plant,37.2300993,-3.0679614
Parramon Power Plant,37.2300993,-3.0679614
Partida dona morta Power Plant,40.46366700000001,-3.74922
Parzan Power Plant,42.6600483,0.2083477
Pas polinya alpha Power Plant,41.5560111,2.1597595
Pascual Power Plant,37.2300993,-3.0679614
Paseo ibaialde Power Plant,40.46366700000001,-3.74922
Paseo rosa Power Plant,39.9429825,-3.8547105
Pasertex a.i.e. Power Plant,37.2300993,-3.0679614
Pastguren Power Plant,37.2300993,-3.0679614
Patala Power Plant,37.2300993,-3.0679614
Patalankoski Power Plant,61.23592949999999,21.4347339
Patronato municipal deportes alcobendas Power Plant,40.5456243,-3.6501257
Pavasal Power Plant,39.4628754,-0.4088197
Pe vina Power Plant,40.46366700000001,-3.74922
Pedraforca Power Plant,41.419238,2.2268169
Pedralba Power Plant,39.2172907,-1.0507081
Pelgo Power Plant,37.2300993,-3.0679614
Peligrenene s.l Power Plant,37.2300993,-3.0679614
Pelotera Power Plant,40.46366700000001,-3.74922
Peltokoski Power Plant,61.92410999999999,25.7481511
Pena aguila Power Plant,40.46366700000001,-3.74922
Pena ampliada con re Power Plant,40.46366700000001,-3.74922
Penafiel Power Plant,41.5984715,-4.124511500000001
Pendis Power Plant,37.2300993,-3.0679614
Penelles Power Plant,40.9510612,0.8662462999999999
Peninsular Power Plant,37.2300993,-3.0679614
Peno Power Plant,37.2300993,-3.0679614
Pequera Power Plant,39.53964819999999,2.4468177
Perancho Power Plant,37.2300993,-3.0679614
Pere valls Power Plant,41.4510429,1.699453
Peris Power Plant,37.2300993,-3.0679614
Perla henares Power Plant,40.7024301,-3.1394792
Persan Power Plant,37.2300993,-3.0679614
Perucho Power Plant,37.2300993,-3.0679614
Pescanova chapela Power Plant,42.2675045,-8.6704811
Pesqueiras Power Plant,42.1148365,-8.4985419
Pesqueruela Power Plant,37.2300993,-3.0679614
Piago martul Power Plant,43.0795995,-7.630655399999999
Piensos cima arevalo Power Plant,41.0643228,-4.7212496
Pihlava Power Plant,61.23592949999999,21.4347339
Pilica Power Plant,37.2300993,-3.0679614
Pina Power Plant,37.2300993,-3.0679614
Pinilla Power Plant,37.2300993,-3.0679614
Pinsos tagsa Power Plant,40.46366700000001,-3.74922
Piscina Power Plant,37.2300993,-3.0679614
Piscina joan serra Power Plant,40.46366700000001,-3.74922
Piscina municipal Power Plant,41.3694971,2.1649075
Piscina municipal climatizada Power Plant,36.6219675,-4.5118829
Piscina rey juan carlos Power Plant,41.3812067,2.1086489
Piscinas albelda Power Plant,41.86505469999999,0.4605568
Piscinas aoiz Power Plant,42.786082,-1.3709657
Piscinas municipales anduva Power Plant,40.46366700000001,-3.74922
Pison Power Plant,37.2300993,-3.0679614
Pizarrita Power Plant,37.2300993,-3.0679614
Pl.tr.purines con Power Plant,40.46366700000001,-3.74922
Plagicas Power Plant,37.2300993,-3.0679614
Plana Power Plant,37.2300993,-3.0679614
Planina Power Plant,45.9380375,15.5157897
Planter Power Plant,37.2300993,-3.0679614
Planter levante Power Plant,40.46366700000001,-3.74922
Plasticos Power Plant,37.2300993,-3.0679614
Plasticos ima Power Plant,37.11879,-4.309902
Plataforma logistica inditex Power Plant,41.6383195,-0.9916515
Pobla farnals Power Plant,39.2172907,-1.0507081
Pobla lillet Power Plant,42.2445647,1.9753088
Poc oli Power Plant,37.2300993,-3.0679614
Pola gordon Power Plant,40.46366700000001,-3.74922
Poliamidas aluminios penarroya pueblonuevo Power Plant,38.3025882,-5.2671378
Polideportivo dehesa boyal Power Plant,40.5684688,-3.6335544
Polideportivo legazpia Power Plant,43.0523571,-2.3315143
Polideportivo usabal Power Plant,43.1261667,-2.0818419
Polideportivo valdelasfuentes Power Plant,40.55073429999999,-3.647852499999999
Poliesportiu sant ildefons Power Plant,41.3665169,2.0810553
Poligeneracio parc lalba st Power Plant,40.46366700000001,-3.74922
Polisilk Power Plant,41.702754,1.7938294
Polisur . Power Plant,37.2300993,-3.0679614
Politecnico uclm ciudad real Power Plant,38.99404390000001,-3.9204979
Polo hermanos Power Plant,37.2300993,-3.0679614
Pombeiro Power Plant,37.2300993,-3.0679614
Pompeyo criado Power Plant,40.46366700000001,-3.74922
Pont vell Power Plant,42.199203,2.700353
Ponts Power Plant,40.46366700000001,-3.74922
Porcelanosa Power Plant,37.2300993,-3.0679614
Portabella Power Plant,37.2300993,-3.0679614
Portal ebro Power Plant,41.8479322,-1.6576463
Portatil Power Plant,40.46366700000001,-3.74922
Portet Power Plant,37.2300993,-3.0679614
Portlux Power Plant,40.46366700000001,-3.74922
Posadas Power Plant,37.561078,-5.331544
Postensa Power Plant,40.46366700000001,-3.74922
Pradena Power Plant,41.138438,-3.6895825
Pradillo Power Plant,42.1772703,-2.6409513
Prat rumi Power Plant,37.2300993,-3.0679614
Prebesec Power Plant,37.2300993,-3.0679614
Presa Power Plant,37.2300993,-3.0679614
Presa arenoso Power Plant,37.2300993,-3.0679614
Presa forcada Power Plant,37.2300993,-3.0679614
Presa loriguilla Power Plant,39.4915086,-0.5718884
Presa sant ponc Power Plant,40.46366700000001,-3.74922
Presa sierra brava Power Plant,40.46366700000001,-3.74922
Princep Power Plant,37.2300993,-3.0679614
Procesa Power Plant,37.2300993,-3.0679614
Procesos ecologicos carmona Power Plant,40.46366700000001,-3.74922
Procesos ecologicos oliva Power Plant,40.46366700000001,-3.74922
Prodosa luisiana Power Plant,40.46366700000001,-3.74922
Productos ceramicos mora Power Plant,40.104722,-3.863411
Productos olivar Power Plant,37.2300993,-3.0679614
Productos ulla Power Plant,37.2300993,-3.0679614
Profusa Power Plant,37.2300993,-3.0679614
Prolactea Power Plant,37.2300993,-3.0679614
Promotora industrias Power Plant,37.2300993,-3.0679614
Proyectos energeticos mb Power Plant,37.2300993,-3.0679614
Prullans Power Plant,42.378856,1.738673
Puda Power Plant,37.2300993,-3.0679614
Puebla arganzon Power Plant,42.907924,-2.674291
Pueblanueva Power Plant,39.8060053,-5.6868021
Puente Power Plant,37.2300993,-3.0679614
Puente cerrada Power Plant,37.2300993,-3.0679614
Puenteareas Power Plant,42.1756174,-8.5064757
Puentedura Power Plant,42.0409034,-3.5850658
Puerto Power Plant,38.287775,-1.600145
Puerto celeiro Power Plant,43.3174617,-5.930786599999999
Puerto lumbreras enercorr xxi Power Plant,37.5609105,-1.8123324
Puerto seguro Power Plant,40.8270226,-6.760774899999999
Puig font Power Plant,40.46366700000001,-3.74922
Pumade Power Plant,37.2300993,-3.0679614
Purina espana Power Plant,40.46366700000001,-3.74922
Purinarsa Power Plant,37.2300993,-3.0679614
Purinesy cog. torico Power Plant,40.46366700000001,-3.74922
Puron Power Plant,37.2300993,-3.0679614
Purroy Power Plant,41.4744128,-1.5423518
Puulaakso Power Plant,61.23592949999999,21.4347339
Quebradas Power Plant,37.2300993,-3.0679614
Queiles Power Plant,41.93093959999999,-1.7540382
Queizuar Power Plant,37.2300993,-3.0679614
Quentar Power Plant,37.2300993,-3.0679614
Queserias entrepinares Power Plant,40.46366700000001,-3.74922
Quintanaluengos Power Plant,42.8534045,-4.423996499999999
Quintanar alpha Power Plant,41.9849486,-3.0363399
Quintanilla escalada Power Plant,42.8009749,-3.7704937
R.s.u. campello Power Plant,38.4289804,-0.397816
R.s.u. valdepenas Power Plant,38.8113074,-3.4599326
Raahe Power Plant,64.6839541,24.4883649
Rabeya Power Plant,37.2300993,-3.0679614
Rachela Power Plant,37.2300993,-3.0679614
Racioneros Power Plant,37.2300993,-3.0679614
Raimat Power Plant,41.1925362,0.5693414
Raisio Power Plant,60.48591219999999,22.1689265
Rakovec Power Plant,48.2641122,18.4532714
Ramisa Power Plant,37.2300993,-3.0679614
Rasacal Power Plant,37.2300993,-3.0679614
Rasines Power Plant,43.2643288,-2.9342607
Real energetica Power Plant,37.2300993,-3.0679614
Real s.a.u Power Plant,37.2300993,-3.0679614
Real santa casa misericordia Power Plant,37.2300993,-3.0679614
Rebolluelo Power Plant,37.2300993,-3.0679614
Rec dels quatre pobles modif. potencia Power Plant,40.46366700000001,-3.74922
Recomsa Power Plant,40.46366700000001,-3.74922
Recorba Power Plant,43.3407253,-6.5925207
Recuperacion energetica Power Plant,37.2300993,-3.0679614
Recuperacion materiales diversos Power Plant,42.5001523,-5.6327348
Reduccion lodos Power Plant,37.2300993,-3.0679614
Reduccion lodos algas Power Plant,40.46366700000001,-3.74922
Regata etxalar Power Plant,43.23381699999999,-1.6378219
Rehabilitacion c. h. pitarque Power Plant,40.64807709999999,-0.593482
Rehabilitacion c. h. rivera Power Plant,40.46366700000001,-3.74922
Rehabilitacion huerto Power Plant,37.2300993,-3.0679614
Rehabilitacion minicentral dependencias anexas para refugio excursionistas Power Plant,40.46366700000001,-3.74922
Rehabilitacion minicentral medio hostal trucha Power Plant,40.66724800000001,-0.5482119999999999
Rehabilitacion minicentral roca Power Plant,37.2300993,-3.0679614
Reig pastor Power Plant,37.2300993,-3.0679614
Renfe estacion puerta atocha Power Plant,40.4090097,-3.6924303
Reprimala Power Plant,37.2300993,-3.0679614
Requeixo Power Plant,37.2300993,-3.0679614
Requijada Power Plant,40.3477596,-2.886661
Rescano Power Plant,37.2300993,-3.0679614
Residencia maristas Power Plant,41.6066162,-4.728642
Residencia milagrosa Power Plant,37.2300993,-3.0679614
Residuos Power Plant,37.2300993,-3.0679614
Residuos solidos urbanos jaen Power Plant,37.78023210000001,-3.7962593
Resifor Power Plant,37.2300993,-3.0679614
Resiliencia inversiones rodecan Power Plant,43.391012,-4.264271
Ressec aserradora Power Plant,36.189717,-5.5028406
Retallo Power Plant,37.2300993,-3.0679614
Retorna Power Plant,37.2300993,-3.0679614
Reus Power Plant,39.6489125,2.6807893
Reverte sa Power Plant,37.2300993,-3.0679614
Reyde Power Plant,37.2300993,-3.0679614
Reyenvas Power Plant,37.2300993,-3.0679614
Ribesalbes Power Plant,40.0223809,-0.2760389
Ribpellet Power Plant,37.2300993,-3.0679614
Riihimäki ekokem Power Plant,60.77243279999999,24.8319439
Riikinvoima Power Plant,62.3718629,27.7414899
Rio Power Plant,37.2300993,-3.0679614
Rio alhama Power Plant,42.0407881,-1.9797685
Rio baxoi andurina Power Plant,43.3618733,-8.1680127
Rio francia Power Plant,40.4820898,-6.089169399999999
Rio landro Power Plant,43.4405213,-7.8629692
Rio muerto Power Plant,37.2300993,-3.0679614
Rio piron Power Plant,41.1734288,-4.2074261
Rio txabier Power Plant,37.2300993,-3.0679614
Rio ucero Power Plant,41.6252323,-3.0676467
Rioboo Power Plant,37.2300993,-3.0679614
Riosequillo Power Plant,40.9830271,-3.650917699999999
Riu Power Plant,37.2300993,-3.0679614
Rivera Power Plant,37.2300993,-3.0679614
Roblegal explotaciones agropecuarias sl Power Plant,40.46366700000001,-3.74922
Rocasses Power Plant,40.46366700000001,-3.74922
Rocha Power Plant,37.2300993,-3.0679614
Roig Power Plant,37.2300993,-3.0679614
Romero alvarez Power Plant,40.46366700000001,-3.74922
Romero alvarez temporal Power Plant,40.46366700000001,-3.74922
Ronda Power Plant,38.1121122,-4.9316889
Roquette laisa espana Power Plant,39.2843621,-0.4320206
Rozas valdearroyo Power Plant,42.9723512,-4.031869599999999
Rsu nueva rendija Power Plant,40.46366700000001,-3.74922
Ruber internacional Power Plant,40.48966,-3.71563
Ruda Power Plant,37.2300993,-3.0679614
Ruidera Power Plant,38.9762684,-2.8845246
Rumblar Power Plant,38.1362123,-3.8248281
Ruše g Power Plant,45.9380375,15.5157897
S.a.t. quirante fruits Power Plant,38.1550855,-0.9087592
S.a.t. ritas Power Plant,37.2300993,-3.0679614
Saario Power Plant,61.92410999999999,25.7481511
Sajusa Power Plant,37.2300993,-3.0679614
Salamanca Power Plant,40.96436780000001,-5.6586538
Salinas Power Plant,40.46366700000001,-3.74922
Salinas bras port Power Plant,40.46366700000001,-3.74922
Salinera anana Power Plant,37.2300993,-3.0679614
Sallila Power Plant,61.92410999999999,25.7481511
Salvadora Power Plant,37.2300993,-3.0679614
Sampol ingenieria obras Power Plant,40.46366700000001,-3.74922
Sant benet Power Plant,41.7445172,1.9002212
Sant feliu Power Plant,41.7859253,3.0125674
Sant jaume llierca Power Plant,42.2110575,2.6059038
Sant llorenc montgai Power Plant,41.867873,0.8410091
Sant mer Power Plant,37.2300993,-3.0679614
Sant quirze besora Power Plant,42.0999995,2.2224369
Santa cruz Power Plant,28.46679,-16.24923
Santa isabel Power Plant,39.8556414,-4.024967999999999
Santa llucia Power Plant,40.8205112,-3.5648905
Santa maria dulcis Power Plant,42.1528067,0.2325341
Santa marina Power Plant,42.7749914,-3.2070002
Santa matilde Power Plant,40.46366700000001,-3.74922
Santa teresa Power Plant,37.2300993,-3.0679614
Santiago urumea Power Plant,43.2384835,-1.9197478
Santolaz Power Plant,37.2300993,-3.0679614
Sarria Power Plant,42.7600365,-7.4165053
Sarriopapel celulosa Power Plant,37.2300993,-3.0679614
Sastre Power Plant,37.2300993,-3.0679614
Sastre barat Power Plant,37.2300993,-3.0679614
Sat anso secado forraje cereales Power Plant,41.9380023,-1.2480353
Sat herederos alarcon Power Plant,40.46366700000001,-3.74922
Sat moline Power Plant,37.2300993,-3.0679614
Sat ramon Power Plant,37.2300993,-3.0679614
Sati aie Power Plant,37.2300993,-3.0679614
Satrustegui Power Plant,37.2300993,-3.0679614
Sava miralcamp Power Plant,41.6040772,0.8782392
Savio Power Plant,62.2789933,26.0335842
Secado Power Plant,37.2300993,-3.0679614
Secado madera gojain Power Plant,42.9546656,-2.6401756
Secado termico fangos Power Plant,40.46366700000001,-3.74922
Segovia Power Plant,40.9429032,-4.108806899999999
Seguridad social palencia Power Plant,42.0096857,-4.5288016
Selga ordas Power Plant,40.46366700000001,-3.74922
Sentmenat Power Plant,41.419238,2.2268169
Sergatra Power Plant,37.2300993,-3.0679614
Serinya Power Plant,42.1692565,2.7331928
Serpis Power Plant,39.2172907,-1.0507081
Serradal Power Plant,37.2300993,-3.0679614
Serrado Power Plant,37.2300993,-3.0679614
Serrasans Power Plant,37.2300993,-3.0679614
Serreria iregua Power Plant,37.2300993,-3.0679614
Serrière Power Plant,47.5520019,8.2282497
Servicios Power Plant,37.2300993,-3.0679614
Servicios vega Power Plant,37.2300993,-3.0679614
Serviker Power Plant,37.2300993,-3.0679614
Severaes Power Plant,37.2300993,-3.0679614
Shionogi qualicaps Power Plant,37.2300993,-3.0679614
Sicogesa Power Plant,37.2300993,-3.0679614
Sicogesa corco Power Plant,37.2300993,-3.0679614
Sierolam Power Plant,37.2300993,-3.0679614
Sierra sur Power Plant,37.2300993,-3.0679614
Sifon segura Power Plant,40.46366700000001,-3.74922
Siikakoski Power Plant,61.23592949999999,21.4347339
Siilinjärvi turb. ja vp turb. Power Plant,63.0736826,27.661883
Silicio solar Power Plant,37.2300993,-3.0679614
Simelemoos Power Plant,46.96929979999999,7.2697497
Sinae Power Plant,37.2300993,-3.0679614
Sinae medio ambiente Power Plant,40.46366700000001,-3.74922
Sirusa antes mancomunidad incineracion r.u. Power Plant,40.46366700000001,-3.74922
Siuronkoski Power Plant,61.92410999999999,25.7481511
Slir Power Plant,40.46366700000001,-3.74922
Smurfit navarra tec Power Plant,42.7922988,-1.6407287
Smurfit pol.ind. castell Power Plant,37.2300993,-3.0679614
Sniace carbon Power Plant,40.46366700000001,-3.74922
Sociedad concesionaria r.u. vicalvaro Power Plant,40.3940279,-3.6028761
Sociedad inmobiliaria igualatorio medico quirurgico Power Plant,43.462245,-3.805346
Sohlstufe lehen Power Plant,61.23592949999999,21.4347339
Soilu Power Plant,65.9028321,29.6815031
Soja bunge iberica Power Plant,61.92410999999999,25.7481511
Sol poniente neca Power Plant,40.46366700000001,-3.74922
Sol poniente vientos Power Plant,40.46366700000001,-3.74922
Soledad Power Plant,37.2300993,-3.0679614
Sollano Power Plant,37.2300993,-3.0679614
Solvente Power Plant,37.2300993,-3.0679614
Sopenkorpi Power Plant,60.37067799999999,26.3466351
Soria ingenieria Power Plant,37.2300993,-3.0679614
Soria ingenieria baena Power Plant,40.46366700000001,-3.74922
Soria ingenieria monturque Power Plant,37.4715287,-4.581788899999999
Soria ingenieria pedro abad Power Plant,37.9671051,-4.455518
Sort Power Plant,37.2300993,-3.0679614
Sotilla Power Plant,42.877971,-4.115239900000001
Sotkamo Power Plant,60.2101553,24.9650311
Soto Power Plant,43.3079305,-5.878681500000001
Soto alburez Power Plant,40.46366700000001,-3.74922
Steigenberg kaprun Power Plant,47.272939,12.759787
Sulquisa Power Plant,40.0904262,-3.5415022
Sunila Power Plant,61.92410999999999,25.7481511
Suria Power Plant,41.8316368,1.7537452
Surolait mg Power Plant,40.46366700000001,-3.74922
Suros moli Power Plant,40.46366700000001,-3.74922
Surribes Power Plant,37.2300993,-3.0679614
Säkylä Power Plant,61.23592949999999,21.4347339
Sänkiaho Power Plant,63.0277824,23.8048386
Tabicesa Power Plant,37.2300993,-3.0679614
Tako ja Power Plant,61.23592949999999,21.4347339
Tambre pie presa Power Plant,42.9813904,-8.364491
Tammervoima Power Plant,61.92410999999999,25.7481511
Taulell p. porc. ampl. rd Power Plant,37.2300993,-3.0679614
Taulell pavimento Power Plant,37.2300993,-3.0679614
Tb horta Power Plant,41.4333025,2.155286
Tea Power Plant,37.2300993,-3.0679614
Tec cartonajes levante Power Plant,39.4446681,-0.4563081
Tecamasa Power Plant,37.2300993,-3.0679614
Tecnica illescas Power Plant,40.46366700000001,-3.74922
Tecnicas nutricion Power Plant,37.2300993,-3.0679614
Tecnicas quart Power Plant,40.46366700000001,-3.74922
Tecnocaucho Power Plant,37.2300993,-3.0679614
Tecnogas Power Plant,37.2300993,-3.0679614
Tedelche Power Plant,37.2300993,-3.0679614
Teivaanmäki Power Plant,61.23592949999999,21.4347339
Tejado Power Plant,41.589506,-2.2673477
Termotec Power Plant,37.2300993,-3.0679614
Terracuita jorba Power Plant,41.600752,1.5499211
Terreal Power Plant,37.2300993,-3.0679614
Tersa Power Plant,41.418465,2.226372
Tervakoski lä Power Plant,60.8144972,24.6258451
Tervasaari ve Power Plant,60.1739527,24.9689875
Teverga Power Plant,43.161964,-6.0965651
Textil santanderina Power Plant,43.3114861,-4.2258174
Tiburcio Power Plant,37.2300993,-3.0679614
Tiendas Power Plant,37.2300993,-3.0679614
Tierra atomizada Power Plant,37.2300993,-3.0679614
Tierra atomizada factoria Power Plant,40.0554326,-0.1734266
Tietola Power Plant,61.23592949999999,21.4347339
Tiihala Power Plant,61.23592949999999,21.4347339
Tilesa Power Plant,37.2300993,-3.0679614
Tioxide europe Power Plant,37.2300993,-3.0679614
Tipmega Power Plant,37.2300993,-3.0679614
Toba Power Plant,40.46366700000001,-3.74922
Toholampi Power Plant,63.706243,22.6943562
Tolkkinen Power Plant,60.30024019999999,25.5297298
Tolkkinen biolaitos Power Plant,60.37067799999999,26.3466351
Tolmin Power Plant,46.1857188,13.7319838
Toma Power Plant,37.2300993,-3.0679614
Tomas martin Power Plant,40.46366700000001,-3.74922
Top wash Power Plant,37.2300993,-3.0679614
Topinojan biokaasulaitos Power Plant,60.47629509999999,22.3270146
Torcido Power Plant,37.2300993,-3.0679614
Torello Power Plant,42.0491614,2.2626613
Torilejo Power Plant,37.2300993,-3.0679614
Toriles Power Plant,39.8060053,-5.6868021
Torraspapel Power Plant,37.2300993,-3.0679614
Torre cabdella Power Plant,42.4218993,0.982963
Torrecilla Power Plant,37.2300993,-3.0679614
Torreones mundo Power Plant,38.3272924,-1.6584605
Torrollon Power Plant,37.2300993,-3.0679614
Tortosa Power Plant,40.9510612,0.8662462999999999
Touro Power Plant,42.8673326,-8.306828099999999
Tracjusa Power Plant,37.2300993,-3.0679614
Tracjusa ads juneda Power Plant,41.5265,0.8266899999999999
Tractament purins agramunt Power Plant,41.78718689999999,1.0979794
Tradema Power Plant,37.2300993,-3.0679614
Trainalba Power Plant,37.2300993,-3.0679614
Tramosa Power Plant,40.46366700000001,-3.74922
Transafals vispesa Power Plant,37.2300993,-3.0679614
Transalfals&la vispesa Power Plant,37.2300993,-3.0679614
Transformacion ganadera leganes Power Plant,40.3442317,-3.7790684
Transformacion materia vegetal tramave Power Plant,37.2300993,-3.0679614
Tratam. Power Plant,40.46366700000001,-3.74922
Tratam. foradada Power Plant,41.8768861,1.0129973
Tratamiendo lodos madridejos Power Plant,39.47173830000001,-3.5332049
Tratamientos ecija Power Plant,37.5414656,-5.0826742
Trebuša Power Plant,45.9380375,15.5157897
Tres juncos Power Plant,40.3477596,-2.886661
Tricalsa Power Plant,37.2300993,-3.0679614
Trigemer sa Power Plant,40.46366700000001,-3.74922
Trigeneracion mw solutex Power Plant,40.46366700000001,-3.74922
Trinitat Power Plant,37.2300993,-3.0679614
Triturados puerto blanco Power Plant,40.46366700000001,-3.74922
Troil vegas altas er. rd Power Plant,38.8720074,-6.0493855
Tronceda Power Plant,42.4247399,-7.390321699999999
Trüebsee Power Plant,47.5520019,8.2282497
Tudelana Power Plant,37.2300993,-3.0679614
Tunel vielma sesplans Power Plant,40.46366700000001,-3.74922
Tuno Power Plant,40.46366700000001,-3.74922
Turegano Power Plant,41.1548647,-4.0069802
Txagorritxu Power Plant,42.8552453,-2.689099
Tylmesa Power Plant,37.2300993,-3.0679614
Ubao toquillo Power Plant,37.2300993,-3.0679614
Ubaun Power Plant,37.2300993,-3.0679614
Ube chemical europe Power Plant,39.9566057,-0.0049185
Ucogal Power Plant,37.2300993,-3.0679614
Ull roig Power Plant,40.46366700000001,-3.74922
Unemsa Power Plant,40.46366700000001,-3.74922
Unidad lodos depuradoras loeches Power Plant,40.38348209999999,-3.4170301
Uniener Power Plant,37.2300993,-3.0679614
Unilever foods industrial espana s.l.u. Power Plant,40.46366700000001,-3.74922
Univ. virgen nieves Power Plant,37.1882732,-3.609599899999999
Universitario fe Power Plant,37.2300993,-3.0679614
Universitario trias pujol Power Plant,37.2300993,-3.0679614
Ur beroa Power Plant,40.46366700000001,-3.74922
Urbaoil Power Plant,37.2300993,-3.0679614
Urbaoil regeneracion aceites usados Power Plant,40.46366700000001,-3.74922
Urdaniz Power Plant,42.9122239,-1.5241264
Urgell aceites borges Power Plant,41.6358769,1.09694
Urroz Power Plant,42.778266,-1.4588566
Urtasun Power Plant,42.963003,-1.5163238
Usabal Power Plant,43.1261667,-2.0818419
Usargoiti Power Plant,43.2392918,-2.8473083
Utiel Power Plant,39.2172907,-1.0507081
Utisa cogetalsa Power Plant,37.2300993,-3.0679614
Utzubar Power Plant,37.2300993,-3.0679614
Uusikaupunki Power Plant,61.23592949999999,21.4347339
Uzquiza Power Plant,42.3069973,-3.3477076
Valdajos Power Plant,37.2300993,-3.0679614
Valdegurriana Power Plant,37.2300993,-3.0679614
Valdelageve Power Plant,40.3685633,-5.9918507
Valdenoceda Power Plant,42.853748,-3.602213
Valencia don juan Power Plant,42.29253,-5.519119799999999
Valle nalon Power Plant,40.46366700000001,-3.74922
Vallfosca Power Plant,37.2300993,-3.0679614
Valoracion residuos potencia vall duixo Power Plant,39.8242386,-0.2315018
Valorizacion energetica Power Plant,37.2300993,-3.0679614
Valorizacion energetica pr. Power Plant,40.46366700000001,-3.74922
Valorizacion neumaticos usados ardoncino Power Plant,42.4887405,-5.6451378
Valpuren banuelo Power Plant,37.2300993,-3.0679614
Valpuren comatur Power Plant,37.2300993,-3.0679614
Valteina Power Plant,37.2300993,-3.0679614
Vatajankoski Power Plant,62.2378484,25.810082
Vega Power Plant,40.535484,-3.636935
Vencias Power Plant,40.46366700000001,-3.74922
Venetpalo Power Plant,63.895883,25.7950455
Venis Power Plant,37.2300993,-3.0679614
Venta abajo Power Plant,37.2300993,-3.0679614
Ventachuri Power Plant,37.2300993,-3.0679614
Ventaniella Power Plant,43.11079369999999,-5.1798569
Ventas yanci Power Plant,43.2256432,-1.7009783
Vera gallego Power Plant,40.46366700000001,-3.74922
Verla ja Power Plant,61.92410999999999,25.7481511
Vernayaz pissevache Power Plant,46.1439448,7.0278262
Vertidos salinos lavado jamones Power Plant,40.46366700000001,-3.74922
Vicente Power Plant,37.2300993,-3.0679614
Vicente leira Power Plant,40.46366700000001,-3.74922
Vidal beneyto Power Plant,40.46366700000001,-3.74922
Vidrieros Power Plant,42.9423214,-4.6637648
Viguetas berma Power Plant,37.2300993,-3.0679614
Vihtakoski Power Plant,61.92410999999999,25.7481511
Vilachan Power Plant,42.77994899999999,-8.769458499999999
Vilacoba Power Plant,42.9593923,-8.8509209
Viladomiu Power Plant,41.419238,2.2268169
Viladomiu marcal Power Plant,41.9579522,1.8808907
Viladomiu nou Power Plant,42.005505,1.8850214
Vilafranca penedes Power Plant,41.3461265,1.6979398
Vilafruns Power Plant,41.844164,1.8775727
Villa roman Power Plant,37.2300993,-3.0679614
Villabanez Power Plant,41.6311437,-4.522804199999999
Villagonzalo Power Plant,38.8613543,-6.196458499999999
Villameca Power Plant,42.6164305,-6.5673167
Villanueva argano Power Plant,42.3809249,-3.9333396
Villanueva galleg Power Plant,37.2300993,-3.0679614
Villanueva jara Power Plant,39.2172907,-1.0507081
Villaricos Power Plant,37.2496018,-1.7702954
Villaseca Power Plant,40.46366700000001,-3.74922
Villaverde Power Plant,40.3469109,-3.7107845
Vinalta Power Plant,40.46366700000001,-3.74922
Vinazas destilerias dyc Power Plant,40.46366700000001,-3.74922
Vinibasa Power Plant,37.2300993,-3.0679614
Vinicola oeste Power Plant,37.2300993,-3.0679614
Virgen luz Power Plant,40.46366700000001,-3.74922
Virgen nieves Power Plant,40.46366700000001,-3.74922
Virgen pilar Power Plant,40.46366700000001,-3.74922
Viriato Power Plant,37.2300993,-3.0679614
Viscofan Power Plant,37.2300993,-3.0679614
Visesa Power Plant,37.2300993,-3.0679614
Viuda miguel arenas Power Plant,40.46366700000001,-3.74922
Vives Power Plant,37.2300993,-3.0679614
Vivienda suelo euskadi sa visesa Power Plant,42.8472315,-2.6810323
Vozmediano Power Plant,41.838311,-1.8556119
Vääräkoski Power Plant,62.2139201,30.4995249
Wartsila Power Plant,42.2120489,-8.712526300000002
Waskiluoto validation center Power Plant,61.92410999999999,25.7481511
Westenergy jätteenpolttolaitos Power Plant,61.92410999999999,25.7481511
Whisky dyc Power Plant,40.46366700000001,-3.74922
Xiberia Power Plant,37.2300993,-3.0679614
Xunqueira Power Plant,42.8444831,-8.2430038
Yanci Power Plant,43.2256432,-1.7009783
Yesa Power Plant,40.46366700000001,-3.74922
Zaburdon Power Plant,40.46366700000001,-3.74922
Zaldu Power Plant,43.2643288,-2.9342607
Zamora Power Plant,41.6095744,-5.898713900000001
Zamunon Power Plant,37.2300993,-3.0679614
Zubieta Power Plant,43.1245523,-1.7423226
Ämmässuo Power Plant,60.1847217,24.9695443
Äänekoski biotuotetehdas Power Plant,62.5914538,25.756188
Äänekoski ve Power Plant,62.5914538,25.756188
Švedlár Power Plant,48.8128354,20.7119915
Bm nufri Power Plant,40.46366700000001,-3.74922
C. h. xallas Power Plant,42.9391701,-8.968701099999999
Eguillor Power Plant,42.8479021,-1.8111926
Moli cervia Power Plant,41.4274049,0.8609602
Moli ogern Power Plant,42.0236943,1.3387888
Sant quinti Power Plant,40.9510612,0.8662462999999999
Santa lucia Power Plant,37.2300993,-3.0679614
Sicogesa campillos Power Plant,37.0492027,-4.8637321
Vilanna Power Plant,41.9657629,2.7400328
Pont suert Power Plant,42.4080464,0.7408062999999999
Bikegran atarfe Power Plant,37.2211865,-3.6902166
Viveros devadillo Power Plant,38.7726567,-2.57553
Emden/Ost ,53.35940290000001,7.2060095
Osterath ,51.27293539999999,6.619451199999999
Brunsbüttel ,53.8988902,9.1338853
Wilster ,53.922479,9.3739785
Wolmirstedt ,52.2521368,11.629014
Conneforde ,53.3253129,8.0599501
Cloppenburg ,52.844198,8.053015799999999
Dollern ,53.5395112,9.547450099999999
Stade ,53.59286179999999,9.4709494
Sottrum ,53.116667,9.216667
Grafschaft Hoya ,52.8,9.133
Husum/Nord ,54.4837642,9.060062799999999
Klixbüll/Süd ,54.7943582,8.9052265
Perleberg ,53.0740638,11.8563484
Parchim/Süd ,53.4250382,11.8478394
Güstrow ,53.8031547,12.1895377
Bertikow ,53.2404606,13.9355163
Vieselbach ,50.9994267,11.1441129
PSW Talsperre Schmalwasser (Punkt Sonneborn) ,50.77659389999999,10.6432665
Pulgar ,51.188418,12.3536749
Röhrsdorf ,51.2958747,13.8268368
Mecklar ,50.9184119,9.7615578
Dipperz ,50.5422395,9.7998523
Schalkau ,50.3962009,11.0054257
Landesgrenze Thüringen/Bayern ,50.6023589,12.1348249
Redwitz ,50.171996,11.2082828
Weinheim ,49.544964,8.6602704
Altlußheim ,49.2984042,8.5029595
Urberach ,49.9706015,8.7991885
Grafenrheinfeld ,50.00391820000001,10.1994114
Kupferzell ,49.227277,9.6904557
Daxlanden ,48.9999829,8.3122527
Oberjettingen ,48.5745065,8.7752314
Pulverdingen ,48.90467899999999,9.0226039
Punkt Rommelsbach ,48.5311832,9.2023315
Punkt Neuravensburg ,47.6411965,9.763550700000001
Punkt Wullenstetten ,48.3189483,10.0729102
Raitersaich ,49.375311,10.8444903
Ludersheim ,49.39386649999999,11.3264239
Oberzier ,50.8675322,6.4747041
 Helmstedt ,52.22896600000001,11.009544
 Stendal/West ,52.6041444,11.8517729
 Weida ,50.7753192,12.0560529
 Mechlenreuth ,50.1713661,11.8006986
 Pfungstadt ,49.8028671,8.603536199999999
 Kuppenheim ,48.8279736,8.2544048
 Sittling ,48.83315469999999,11.7721358
 Hattorf ,51.6540013,10.2378201
 Etzenricht ,49.631363,12.0949596
 Bühl ,48.6954722,8.138060399999999
Weier ,48.4983903,7.917996799999999
 Osterath,51.27293539999999,6.619451199999999
 Philippsburg,49.2352532,8.458036
 Großgartach,49.1451573,9.1171933
 Bergrheinfeld,50.0100455,10.1808934
 Halbemond,53.564334,7.299377499999999
 Cloppenburg,52.844198,8.053015799999999
 Merzen,52.4770024,7.830271799999999
 Elsfleth/West,53.2378746,8.4568608
 Dollern,53.5395112,9.547450099999999
 Sottrum,53.116667,9.216667
 Grafschaft Hoya,52.8,9.133
 Landesbergen,52.566667,9.133333
 Klixbüll/Süd,54.7943582,8.9052265
 Bundesgrenze (DK),51.165691,10.451526
 Perleberg,53.0740638,11.8563484
 Parchim/Süd,53.4250382,11.8478394
 Pasewalk,53.5038857,13.9990311
 PSW Talsperre Schmalwasser (Punkt Sonneborn),50.77659389999999,10.6432665
 Mecklar,50.9184119,9.7615578
 Vieselbach,50.9994267,11.1441129
 Dipperz,50.5422395,9.7998523
 Landesgrenze Thüringen/Bayern,50.6023589,12.1348249
Grafenrheinfeld,50.00391820000001,10.1994114
 Daxlanden,48.9999829,8.3122527
 Altlußheim,49.2984042,8.5029595
 Kupferzell,49.227277,9.6904557
 Engstlatt,48.30006359999999,8.8756816
 Oberjettingen,48.5745065,8.7752314
 Herbertingen,48.0613999,9.4296685
 Punkt Niederwangen,47.6721744,9.8001247
 Ludersheim,49.39386649999999,11.3264239
 Bundesgrenze (BE),51.165691,10.451526
 Wolmirstedt,52.2521368,11.629014
 Remptendorf,50.52871469999999,11.6597513
 Weinheim,49.544964,8.6602704
 Altheim,48.1435986,9.449852199999999
 Wahle,52.2710958,10.3629278
 Schwandorf,49.3198883,12.1091352
 Eichstetten,48.0942687,7.7413605
